configuration,repeat,fold,iterations,converged,gradient_norm,learning_rate
original_raw_GD,1,0,1150,True,7.6982488161903e-08,0.08895215713126217
original_raw_ridge_GD_0.0001,1,0,1150,True,7.681688093697081e-08,0.08895215109119674
original_raw_ridge_GD_0.001,1,0,1150,True,8.450260062412681e-08,0.08895209673064472
original_raw_ridge_GD_0.01,1,0,1025,True,8.462557261548295e-08,0.08895155312877889
original_raw_ridge_GD_0.1,1,0,950,True,5.308531050428767e-08,0.08894611747552332
original_raw_ridge_GD_1,1,0,500,True,7.838749006630077e-08,0.08889179745847435
original_raw_ridge_GD_10,1,0,300,True,7.075959131304377e-08,0.08835222423560553
original_raw_ridge_GD_100,1,0,75,True,7.011283079810804e-08,0.08329614794040438
original_raw_ridge_GD_1000,1,0,25,True,1.0529486726973403e-08,0.052978487395516985
original_raw_ridge_GD_10000,1,0,25,True,1.9984014443252818e-15,0.011418408891844681
original_log_GD,1,0,1025,True,6.266878228855521e-08,0.08895215713126217
original_log_ridge_GD_0.0001,1,0,1025,True,6.245603005768092e-08,0.08895215109119674
original_log_ridge_GD_0.001,1,0,1025,True,5.743532461612869e-08,0.08895209673064472
original_log_ridge_GD_0.01,1,0,1000,True,6.17958618752274e-08,0.08895155312877889
original_log_ridge_GD_0.1,1,0,825,True,9.481315865495638e-08,0.08894611747552332
original_log_ridge_GD_1,1,0,550,True,3.679673956638249e-08,0.08889179745847435
original_log_ridge_GD_10,1,0,225,True,3.542611576346519e-08,0.08835222423560553
original_log_ridge_GD_100,1,0,75,True,4.637920287475786e-08,0.08329614794040438
original_log_ridge_GD_1000,1,0,25,True,6.419578091332312e-09,0.052978487395516985
original_log_ridge_GD_10000,1,0,25,True,2.0754899561201384e-15,0.011418408891844681
original_raw_GD,1,1,1450,True,7.056304032401761e-08,0.09355981132435147
original_raw_ridge_GD_0.0001,1,1,1450,True,7.646192422001906e-08,0.09355980464233798
original_raw_ridge_GD_0.001,1,1,1425,True,7.526929827191172e-08,0.09355974450425954
original_raw_ridge_GD_0.01,1,1,1350,True,8.20833897017467e-08,0.09355914312772715
original_raw_ridge_GD_0.1,1,1,1100,True,8.326596638095064e-08,0.09355312978757917
original_raw_ridge_GD_1,1,1,500,True,8.997917532263013e-08,0.09349303887338099
original_raw_ridge_GD_10,1,1,200,True,8.187845004434258e-08,0.09289634836058525
original_raw_ridge_GD_100,1,1,75,True,1.3045291912677781e-08,0.08732321333656155
original_raw_ridge_GD_1000,1,1,25,True,7.933718459973704e-09,0.05457938003780712
original_raw_ridge_GD_10000,1,1,25,True,2.220446049250313e-16,0.01149105284484204
original_log_GD,1,1,1050,True,7.799840273658987e-08,0.09355981132435147
original_log_ridge_GD_0.0001,1,1,1050,True,7.989296221543728e-08,0.09355980464233798
original_log_ridge_GD_0.001,1,1,1075,True,9.485342099392513e-08,0.09355974450425954
original_log_ridge_GD_0.01,1,1,1150,True,8.990517631159622e-08,0.09355914312772715
original_log_ridge_GD_0.1,1,1,1025,True,8.67251581771573e-08,0.09355312978757917
original_log_ridge_GD_1,1,1,800,True,8.65298740472531e-08,0.09349303887338099
original_log_ridge_GD_10,1,1,200,True,5.468733215493321e-08,0.09289634836058525
original_log_ridge_GD_100,1,1,125,True,2.834635843065869e-08,0.08732321333656155
original_log_ridge_GD_1000,1,1,25,True,4.173815168484474e-09,0.05457938003780712
original_log_ridge_GD_10000,1,1,25,True,1.1540757026500267e-15,0.01149105284484204
original_raw_GD,1,2,1225,True,8.32887759871781e-08,0.09505433578170527
original_raw_ridge_GD_0.0001,1,2,1225,True,8.326004181288673e-08,0.09505432893676127
original_raw_ridge_GD_0.001,1,2,1225,True,8.87104270183115e-08,0.0950542673323095
original_raw_ridge_GD_0.01,1,2,1050,True,6.042620334344704e-08,0.09505365129218352
original_raw_ridge_GD_0.1,1,2,800,True,7.918718958636536e-08,0.09504749133007187
original_raw_ridge_GD_1,1,2,500,True,8.421858090925348e-08,0.09498593559218771
original_raw_ridge_GD_10,1,2,225,True,4.1776374085783496e-08,0.09437473519319291
original_raw_ridge_GD_100,1,2,75,True,8.469261973675923e-08,0.0886691910403128
original_raw_ridge_GD_1000,1,2,25,True,8.13290385037746e-09,0.05526065943637477
original_raw_ridge_GD_10000,1,2,25,True,1.1102230246251565e-16,0.011590457077383445
original_log_GD,1,2,1075,True,6.469576452339254e-08,0.09505433578170527
original_log_ridge_GD_0.0001,1,2,1075,True,6.559740481087262e-08,0.09505432893676127
original_log_ridge_GD_0.001,1,2,1050,True,9.507806182792037e-08,0.0950542673323095
original_log_ridge_GD_0.01,1,2,1025,True,8.326870794979392e-08,0.09505365129218352
original_log_ridge_GD_0.1,1,2,975,True,7.203134653565972e-08,0.09504749133007187
original_log_ridge_GD_1,1,2,575,True,4.280841248431762e-08,0.09498593559218771
original_log_ridge_GD_10,1,2,225,True,6.109016177473225e-08,0.09437473519319291
original_log_ridge_GD_100,1,2,75,True,8.928876890634818e-08,0.0886691910403128
original_log_ridge_GD_1000,1,2,25,True,3.739431403415594e-09,0.05526065943637477
original_log_ridge_GD_10000,1,2,25,True,1.2081476957838904e-15,0.011590457077383445
original_raw_GD,1,3,1125,True,9.950309975970129e-08,0.09153937603206877
original_raw_ridge_GD_0.0001,1,3,1125,True,9.941196218271029e-08,0.09153936963553687
original_raw_ridge_GD_0.001,1,3,1350,True,9.080733722899184e-08,0.09153931206679007
original_raw_ridge_GD_0.01,1,3,1050,True,9.640670464022499e-08,0.09153873638330455
original_raw_ridge_GD_0.1,1,3,950,True,9.649533165573135e-08,0.09153297994667131
original_raw_ridge_GD_1,1,3,525,True,7.063041524606531e-08,0.09147545537476148
original_raw_ridge_GD_10,1,3,225,True,5.5419217718372105e-08,0.09090416151119447
original_raw_ridge_GD_100,1,3,75,True,4.740048889506632e-08,0.08556062330657362
original_raw_ridge_GD_1000,1,3,25,True,8.797759520895454e-09,0.05388555712708103
original_raw_ridge_GD_10000,1,3,25,True,5.551115123125783e-17,0.011459986397975014
original_log_GD,1,3,975,True,2.8520411143873048e-08,0.09153937603206877
original_log_ridge_GD_0.0001,1,3,975,True,2.8426417055467976e-08,0.09153936963553687
original_log_ridge_GD_0.001,1,3,975,True,2.6465051364467417e-08,0.09153931206679007
original_log_ridge_GD_0.01,1,3,950,True,5.413700479229431e-08,0.09153873638330455
original_log_ridge_GD_0.1,1,3,825,True,9.830132943990363e-08,0.09153297994667131
original_log_ridge_GD_1,1,3,475,True,5.665630866021065e-08,0.09147545537476148
original_log_ridge_GD_10,1,3,275,True,9.860545078545224e-08,0.09090416151119447
original_log_ridge_GD_100,1,3,75,True,6.278915047272515e-08,0.08556062330657362
original_log_ridge_GD_1000,1,3,25,True,4.77317529945509e-09,0.05388555712708103
original_log_ridge_GD_10000,1,3,25,True,2.464242785919921e-15,0.011459986397975014
original_raw_GD,1,4,875,True,6.081931727686118e-08,0.09385008442456204
original_raw_ridge_GD_0.0001,1,4,875,True,6.096620347071335e-08,0.0938500777010218
original_raw_ridge_GD_0.001,1,4,875,True,5.983949460706275e-08,0.09385001718920298
original_raw_ridge_GD_0.01,1,4,875,True,5.6958852707242726e-08,0.09384941207530659
original_raw_ridge_GD_0.1,1,4,875,True,6.929514809943076e-08,0.09384336136548813
original_raw_ridge_GD_1,1,4,500,True,8.285108051838764e-08,0.09378289715116345
original_raw_ridge_GD_10,1,4,200,True,7.538953289160794e-08,0.09318251292040382
original_raw_ridge_GD_100,1,4,75,True,9.116905584291568e-08,0.08757602536069287
original_raw_ridge_GD_1000,1,4,25,True,8.128137329865837e-09,0.05467803621724868
original_raw_ridge_GD_10000,1,4,25,True,1.1102230246251565e-16,0.011495419686451522
original_log_GD,1,4,1100,True,7.218391340213515e-08,0.09385008442456204
original_log_ridge_GD_0.0001,1,4,1100,True,7.174371037872187e-08,0.0938500777010218
original_log_ridge_GD_0.001,1,4,1100,True,6.778057207361632e-08,0.09385001718920298
original_log_ridge_GD_0.01,1,4,1025,True,8.96737342698291e-08,0.09384941207530659
original_log_ridge_GD_0.1,1,4,925,True,7.257245986824106e-08,0.09384336136548813
original_log_ridge_GD_1,1,4,725,True,7.016903051703174e-08,0.09378289715116345
original_log_ridge_GD_10,1,4,200,True,9.140843188740113e-08,0.09318251292040382
original_log_ridge_GD_100,1,4,75,True,5.347722344985206e-08,0.08757602536069287
original_log_ridge_GD_1000,1,4,25,True,3.934176567854664e-09,0.05467803621724868
original_log_ridge_GD_10000,1,4,25,True,2.5975490399308145e-15,0.011495419686451522
original_raw_GD,2,0,725,True,8.483447833107505e-08,0.09679250337431262
original_raw_ridge_GD_0.0001,2,0,725,True,8.689085127848204e-08,0.09679249622256604
original_raw_ridge_GD_0.001,2,0,775,True,9.447459923990427e-08,0.09679243185689439
original_raw_ridge_GD_0.01,2,0,800,True,9.56396306209992e-08,0.09679178820488618
original_raw_ridge_GD_0.1,2,0,925,True,8.797816199203876e-08,0.09678535215559117
original_raw_ridge_GD_1,2,0,525,True,9.979987349831472e-08,0.09672103870663798
original_raw_ridge_GD_10,2,0,200,True,7.160548661649946e-08,0.09608257414665591
original_raw_ridge_GD_100,2,0,100,True,2.606124379495034e-08,0.09013282279811216
original_raw_ridge_GD_1000,2,0,25,True,6.53100762360026e-09,0.055663894791126003
original_raw_ridge_GD_10000,2,0,25,True,1.1102230246251565e-16,0.011538383013120858
original_log_GD,2,0,725,True,6.642029848347164e-08,0.09679250337431262
original_log_ridge_GD_0.0001,2,0,725,True,8.42246820086247e-08,0.09679249622256604
original_log_ridge_GD_0.001,2,0,725,True,7.464960261843139e-08,0.09679243185689439
original_log_ridge_GD_0.01,2,0,725,True,7.503987916510753e-08,0.09679178820488618
original_log_ridge_GD_0.1,2,0,775,True,5.5441532908029296e-08,0.09678535215559117
original_log_ridge_GD_1,2,0,500,True,9.628549088851884e-08,0.09672103870663798
original_log_ridge_GD_10,2,0,200,True,7.359566846568133e-08,0.09608257414665591
original_log_ridge_GD_100,2,0,75,True,7.46338524315604e-09,0.09013282279811216
original_log_ridge_GD_1000,2,0,25,True,3.69884758932848e-09,0.055663894791126003
original_log_ridge_GD_10000,2,0,25,True,2.6115956158770383e-15,0.011538383013120858
original_raw_GD,2,1,1075,True,8.752533658604178e-08,0.09251537931182183
original_raw_ridge_GD_0.0001,2,1,1075,True,8.849897905635576e-08,0.09251537277816166
original_raw_ridge_GD_0.001,2,1,1075,True,8.639688944907291e-08,0.09251531397526179
original_raw_ridge_GD_0.01,2,1,1075,True,9.447929329145288e-08,0.09251472595037424
original_raw_ridge_GD_0.1,2,1,925,True,9.318508238100823e-08,0.0925088461125945
original_raw_ridge_GD_1,2,1,500,True,7.47002413697441e-08,0.0924500888153778
original_raw_ridge_GD_10,2,1,325,True,5.407712167296297e-08,0.09186659512145942
original_raw_ridge_GD_100,2,1,75,True,9.323271862871074e-08,0.0864127044068165
original_raw_ridge_GD_1000,2,1,25,True,9.26549029167667e-09,0.05422228540677269
original_raw_ridge_GD_10000,2,1,25,True,1.1102230246251565e-16,0.011475141943169715
original_log_GD,2,1,1500,True,9.890746632823522e-08,0.09251537931182183
original_log_ridge_GD_0.0001,2,1,1500,True,9.860330021238091e-08,0.09251537277816166
original_log_ridge_GD_0.001,2,1,1500,True,9.256948401460245e-08,0.09251531397526179
original_log_ridge_GD_0.01,2,1,1025,True,9.971013258893522e-08,0.09251472595037424
original_log_ridge_GD_0.1,2,1,1150,True,8.98035853449052e-08,0.0925088461125945
original_log_ridge_GD_1,2,1,500,True,5.760462007907679e-08,0.0924500888153778
original_log_ridge_GD_10,2,1,275,True,6.90556001265016e-08,0.09186659512145942
original_log_ridge_GD_100,2,1,75,True,8.999184435143359e-08,0.0864127044068165
original_log_ridge_GD_1000,2,1,25,True,5.152292217869281e-09,0.05422228540677269
original_log_ridge_GD_10000,2,1,25,True,3.2918107579421222e-15,0.011475141943169715
original_raw_GD,2,2,1500,True,8.758866509861463e-08,0.09039311376745583
original_raw_ridge_GD_0.0001,2,2,1500,True,8.616749533194348e-08,0.09039310753011655
original_raw_ridge_GD_0.001,2,2,1500,True,8.968976026685803e-08,0.0903930513941018
original_raw_ridge_GD_0.01,2,2,1250,True,9.634437690385898e-08,0.09039249003778899
original_raw_ridge_GD_0.1,2,2,1275,True,9.159132728588006e-08,0.0903868768581101
original_raw_ridge_GD_1,2,2,525,True,9.977130906602821e-08,0.09033078337983175
original_raw_ridge_GD_10,2,2,200,True,7.080029835776665e-08,0.08977365421487829
original_raw_ridge_GD_100,2,2,75,True,5.475346807372328e-08,0.08455838426454208
original_raw_ridge_GD_1000,2,2,25,True,9.674314349616964e-09,0.05348629730179702
original_raw_ridge_GD_10000,2,2,25,True,1.3322676295501878e-15,0.011441822042521595
original_log_GD,2,2,1550,True,7.940520600768775e-08,0.09039311376745583
original_log_ridge_GD_0.0001,2,2,1550,True,7.469273079107866e-08,0.09039310753011655
original_log_ridge_GD_0.001,2,2,1550,True,6.668939812359906e-08,0.0903930513941018
original_log_ridge_GD_0.01,2,2,1400,True,7.991178097226743e-08,0.09039249003778899
original_log_ridge_GD_0.1,2,2,1275,True,9.569732097616758e-08,0.0903868768581101
original_log_ridge_GD_1,2,2,575,True,8.159054249178054e-08,0.09033078337983175
original_log_ridge_GD_10,2,2,200,True,9.055089268987168e-08,0.08977365421487829
original_log_ridge_GD_100,2,2,100,True,1.3466184437069956e-08,0.08455838426454208
original_log_ridge_GD_1000,2,2,25,True,5.6498418721240284e-09,0.05348629730179702
original_log_ridge_GD_10000,2,2,25,True,8.326672684688674e-16,0.011441822042521595
original_raw_GD,2,3,1075,True,8.661866279791042e-08,0.09234575639517924
original_raw_ridge_GD_0.0001,2,3,1075,True,8.711760752679076e-08,0.09234574993477157
original_raw_ridge_GD_0.001,2,3,1075,True,8.179207839988856e-08,0.0923456917911432
original_raw_ridge_GD_0.01,2,3,1075,True,7.626534220503986e-08,0.0923451103588864
original_raw_ridge_GD_0.1,2,3,925,True,7.599308882589705e-08,0.09233929643898632
original_raw_ridge_GD_1,2,3,500,True,6.943873917314089e-08,0.09228119747864727
original_raw_ridge_GD_10,2,3,200,True,6.317101397187996e-08,0.09170420381443216
original_raw_ridge_GD_100,2,3,75,True,8.797106081093187e-08,0.0863077599020516
original_raw_ridge_GD_1000,2,3,25,True,8.903263404302919e-09,0.054334167224861264
original_raw_ridge_GD_10000,2,3,25,True,1.1847549095278357e-16,0.011549152008086245
original_log_GD,2,3,1100,True,7.232918930455412e-08,0.09234575639517924
original_log_ridge_GD_0.0001,2,3,1100,True,7.26197456290902e-08,0.09234574993477157
original_log_ridge_GD_0.001,2,3,1100,True,7.354693398106163e-08,0.0923456917911432
original_log_ridge_GD_0.01,2,3,1075,True,7.433283384360189e-08,0.0923451103588864
original_log_ridge_GD_0.1,2,3,950,True,6.154022224604504e-08,0.09233929643898632
original_log_ridge_GD_1,2,3,675,True,7.195167569769897e-08,0.09228119747864727
original_log_ridge_GD_10,2,3,200,True,7.446926355593724e-08,0.09170420381443216
original_log_ridge_GD_100,2,3,75,True,7.813711040693949e-08,0.0863077599020516
original_log_ridge_GD_1000,2,3,25,True,5.030992372700993e-09,0.054334167224861264
original_log_ridge_GD_10000,2,3,25,True,2.727986600123786e-15,0.011549152008086245
original_raw_GD,2,4,1175,True,9.051043503571776e-08,0.09010220824892215
original_raw_ridge_GD_0.0001,2,4,1175,True,9.034276998369138e-08,0.09010220205166461
original_raw_ridge_GD_0.001,2,4,1175,True,8.884440384910831e-08,0.09010214627638513
original_raw_ridge_GD_0.01,2,4,1175,True,9.176085719966886e-08,0.09010158852738832
original_raw_ridge_GD_0.1,2,4,1025,True,7.66319485854248e-08,0.09009601141717932
original_raw_ridge_GD_1,2,4,450,True,8.048659880938169e-08,0.09004027826492965
original_raw_ridge_GD_10,2,4,300,True,9.167514332907023e-08,0.08948671582868487
original_raw_ridge_GD_100,2,4,75,True,4.766358505797763e-08,0.08430376876107527
original_raw_ridge_GD_1000,2,4,25,True,9.889602248236429e-09,0.05338431205228065
original_raw_ridge_GD_10000,2,4,25,True,1.5543122344752192e-15,0.011437147984410572
original_log_GD,2,4,1050,True,6.043207489980773e-08,0.09010220824892215
original_log_ridge_GD_0.0001,2,4,1050,True,6.034638794568381e-08,0.09010220205166461
original_log_ridge_GD_0.001,2,4,1050,True,5.958538605210392e-08,0.09010214627638513
original_log_ridge_GD_0.01,2,4,1050,True,5.863616319592524e-08,0.09010158852738832
original_log_ridge_GD_0.1,2,4,900,True,8.517233130272126e-08,0.09009601141717932
original_log_ridge_GD_1,2,4,775,True,8.554637373730644e-08,0.09004027826492965
original_log_ridge_GD_10,2,4,325,True,6.501878618923179e-08,0.08948671582868487
original_log_ridge_GD_100,2,4,75,True,4.6538422282527137e-08,0.08430376876107527
original_log_ridge_GD_1000,2,4,25,True,5.0464476764044974e-09,0.05338431205228065
original_log_ridge_GD_10000,2,4,25,True,2.4247986227414318e-15,0.011437147984410572
original_raw_GD,3,0,975,True,9.632427544481459e-08,0.09277735125439347
original_raw_ridge_GD_0.0001,3,0,975,True,9.935442540871019e-08,0.09277734468367874
original_raw_ridge_GD_0.001,3,0,975,True,9.078028688732281e-08,0.09277728554728805
original_raw_ridge_GD_0.01,3,0,950,True,9.114422575387423e-08,0.09277669418752744
original_raw_ridge_GD_0.1,3,0,1075,True,9.079434623793714e-08,0.09277078100451912
original_raw_ridge_GD_1,3,0,450,True,9.021628735554621e-08,0.09271169060489241
original_raw_ridge_GD_10,3,0,250,True,4.1563390347498785e-08,0.09212490054772231
original_raw_ridge_GD_100,3,0,75,True,8.013728045735968e-09,0.08664121218850108
original_raw_ridge_GD_1000,3,0,25,True,7.574643134944381e-09,0.05431216763536039
original_raw_ridge_GD_10000,3,0,25,True,2.220446049250313e-16,0.011479162323510818
original_log_GD,3,0,900,True,8.720258504180123e-08,0.09277735125439347
original_log_ridge_GD_0.0001,3,0,900,True,8.550093110718329e-08,0.09277734468367874
original_log_ridge_GD_0.001,3,0,800,True,9.311129907569681e-08,0.09277728554728805
original_log_ridge_GD_0.01,3,0,875,True,9.959662084055472e-08,0.09277669418752744
original_log_ridge_GD_0.1,3,0,900,True,7.75200000835126e-08,0.09277078100451912
original_log_ridge_GD_1,3,0,475,True,6.497251510119645e-08,0.09271169060489241
original_log_ridge_GD_10,3,0,225,True,6.534605131655602e-08,0.09212490054772231
original_log_ridge_GD_100,3,0,75,True,6.347148077609499e-08,0.08664121218850108
original_log_ridge_GD_1000,3,0,25,True,3.766241547797922e-09,0.05431216763536039
original_log_ridge_GD_10000,3,0,25,True,3.499654646459138e-15,0.011479162323510818
original_raw_GD,3,1,1125,True,8.312685151334875e-08,0.09012708997358121
original_raw_ridge_GD_0.0001,3,1,1125,True,9.189191518106549e-08,0.09012708381987532
original_raw_ridge_GD_0.001,3,1,1150,True,6.418509050352898e-08,0.09012702843656
original_raw_ridge_GD_0.01,3,1,1275,True,9.83073156954233e-08,0.09012647460715045
original_raw_ridge_GD_0.1,3,1,1375,True,9.997206186927103e-08,0.09012093668739234
original_raw_ridge_GD_1,3,1,475,True,9.041249086346815e-08,0.0900655948980138
original_raw_ridge_GD_10,3,1,200,True,6.812132782862967e-08,0.08951589248147941
original_raw_ridge_GD_100,3,1,75,True,8.576446502983615e-08,0.084366692627227
original_raw_ridge_GD_1000,3,1,25,True,1.190841339426818e-08,0.05355841954228847
original_raw_ridge_GD_10000,3,1,25,True,1.887379141862766e-15,0.011513704566299604
original_log_GD,3,1,1125,True,9.835370817778966e-08,0.09012708997358121
original_log_ridge_GD_0.0001,3,1,1125,True,9.127284846289986e-08,0.09012708381987532
original_log_ridge_GD_0.001,3,1,1125,True,6.017251666199321e-08,0.09012702843656
original_log_ridge_GD_0.01,3,1,1100,True,8.863876435148129e-08,0.09012647460715045
original_log_ridge_GD_0.1,3,1,1075,True,6.767852647079662e-08,0.09012093668739234
original_log_ridge_GD_1,3,1,475,True,8.595780840434976e-08,0.0900655948980138
original_log_ridge_GD_10,3,1,200,True,2.8103821538179308e-08,0.08951589248147941
original_log_ridge_GD_100,3,1,75,True,6.17115654133471e-08,0.084366692627227
original_log_ridge_GD_1000,3,1,25,True,6.493971027587975e-09,0.05355841954228847
original_log_ridge_GD_10000,3,1,25,True,2.085074872765305e-15,0.011513704566299604
original_raw_GD,3,2,825,True,9.11651869550667e-08,0.09174875069066857
original_raw_ridge_GD_0.0001,3,2,825,True,9.073515936285535e-08,0.09174874426484211
original_raw_ridge_GD_0.001,3,2,825,True,7.954454981391901e-08,0.09174868643244447
original_raw_ridge_GD_0.01,3,2,825,True,9.177956273416739e-08,0.09174810811247792
original_raw_ridge_GD_0.1,3,2,975,True,9.287472948829047e-08,0.09174232531377316
original_raw_ridge_GD_1,3,2,850,True,8.646806721373038e-08,0.09168453739476307
original_raw_ridge_GD_10,3,2,250,True,6.860126748435558e-08,0.09111063716892205
original_raw_ridge_GD_100,3,2,75,True,1.1573107850521014e-08,0.08574351383980579
original_raw_ridge_GD_1000,3,2,25,True,9.770135311892858e-09,0.0539580415297974
original_raw_ridge_GD_10000,3,2,25,True,1.1102230246251565e-15,0.011463261375366362
original_log_GD,3,2,925,True,9.582854665346474e-08,0.09174875069066857
original_log_ridge_GD_0.0001,3,2,925,True,9.484761827127627e-08,0.09174874426484211
original_log_ridge_GD_0.001,3,2,925,True,8.821917866717499e-08,0.09174868643244447
original_log_ridge_GD_0.01,3,2,900,True,8.695331856462331e-08,0.09174810811247792
original_log_ridge_GD_0.1,3,2,1075,True,8.087358885366675e-08,0.09174232531377316
original_log_ridge_GD_1,3,2,500,True,8.840411374380066e-08,0.09168453739476307
original_log_ridge_GD_10,3,2,200,True,8.96187359027828e-08,0.09111063716892205
original_log_ridge_GD_100,3,2,75,True,5.203438942615393e-08,0.08574351383980579
original_log_ridge_GD_1000,3,2,25,True,4.4255122066960695e-09,0.0539580415297974
original_log_ridge_GD_10000,3,2,25,True,2.772202565510023e-15,0.011463261375366362
original_raw_GD,3,3,1025,True,8.356103531337311e-08,0.09532795720822529
original_raw_ridge_GD_0.0001,3,3,1025,True,8.386467832339351e-08,0.0953279502712644
original_raw_ridge_GD_0.001,3,3,1025,True,7.95632344582231e-08,0.09532788783866183
original_raw_ridge_GD_0.01,3,3,1025,True,9.208185921322348e-08,0.09532726351713389
original_raw_ridge_GD_0.1,3,3,850,True,7.213171627789455e-08,0.09532102075159381
original_raw_ridge_GD_1,3,3,525,True,9.626073497396963e-08,0.09525863803745775
original_raw_ridge_GD_10,3,3,175,True,7.029909457182716e-08,0.09463927258780788
original_raw_ridge_GD_100,3,3,75,True,1.2279283360949744e-08,0.08886155242428717
original_raw_ridge_GD_1000,3,3,25,True,7.338748636565029e-09,0.05517640219227707
original_raw_ridge_GD_10000,3,3,25,True,1.1102230246251565e-16,0.011517290112083918
original_log_GD,3,3,1100,True,8.677135513585066e-08,0.09532795720822529
original_log_ridge_GD_0.0001,3,3,1100,True,8.674520103712197e-08,0.0953279502712644
original_log_ridge_GD_0.001,3,3,1100,True,8.639525380887281e-08,0.09532788783866183
original_log_ridge_GD_0.01,3,3,925,True,7.763541380695255e-08,0.09532726351713389
original_log_ridge_GD_0.1,3,3,825,True,7.922577800665274e-08,0.09532102075159381
original_log_ridge_GD_1,3,3,475,True,8.306407125102319e-08,0.09525863803745775
original_log_ridge_GD_10,3,3,300,True,7.256522313353782e-08,0.09463927258780788
original_log_ridge_GD_100,3,3,75,True,9.532303771320194e-08,0.08886155242428717
original_log_ridge_GD_1000,3,3,25,True,4.2351357976144755e-09,0.05517640219227707
original_log_ridge_GD_10000,3,3,25,True,2.3650567636773497e-15,0.011517290112083918
original_raw_GD,3,4,1050,True,7.912611636740063e-08,0.0918043779593092
original_raw_ridge_GD_0.0001,3,4,1050,True,7.976748244931842e-08,0.09180437152568842
original_raw_ridge_GD_0.001,3,4,1025,True,8.661714992963433e-08,0.09180431362314197
original_raw_ridge_GD_0.01,3,4,1025,True,6.395494846560913e-08,0.09180373460169473
original_raw_ridge_GD_0.1,3,4,925,True,3.081974696362453e-08,0.0917979447889128
original_raw_ridge_GD_1,3,4,750,True,9.00731345490971e-08,0.09174008680203596
original_raw_ridge_GD_10,3,4,225,True,9.562016922703975e-08,0.09116549312058485
original_raw_ridge_GD_100,3,4,75,True,1.842217880413527e-08,0.08579209554315288
original_raw_ridge_GD_1000,3,4,25,True,9.09775806079427e-09,0.053977276491693905
original_raw_ridge_GD_10000,3,4,25,True,1.1102230246251565e-16,0.011464129282892609
original_log_GD,3,4,1025,True,6.352130399456257e-08,0.0918043779593092
original_log_ridge_GD_0.0001,3,4,1025,True,6.351040324157996e-08,0.09180437152568842
original_log_ridge_GD_0.001,3,4,1025,True,6.082763446282525e-08,0.09180431362314197
original_log_ridge_GD_0.01,3,4,1000,True,8.551173140220868e-08,0.09180373460169473
original_log_ridge_GD_0.1,3,4,925,True,4.920856438448142e-08,0.0917979447889128
original_log_ridge_GD_1,3,4,450,True,6.973431480883103e-08,0.09174008680203596
original_log_ridge_GD_10,3,4,225,True,8.36534664299532e-08,0.09116549312058485
original_log_ridge_GD_100,3,4,75,True,6.9320920677296e-08,0.08579209554315288
original_log_ridge_GD_1000,3,4,25,True,4.859295993364654e-09,0.053977276491693905
original_log_ridge_GD_10000,3,4,25,True,2.3891017935984937e-15,0.011464129282892609
expanded_raw_GD,1,0,6825,True,9.677547008202225e-08,0.06357555445248639
expanded_raw_ridge_GD_0.0001,1,0,6750,True,9.834819063434676e-08,0.063575551367104
expanded_raw_ridge_GD_0.001,1,0,5900,True,9.773193000022989e-08,0.06357552359867599
expanded_raw_ridge_GD_0.01,1,0,3725,True,9.164977738482797e-08,0.06357524591573001
expanded_raw_ridge_GD_0.1,1,0,1750,True,6.838891485993863e-08,0.06357246921967834
expanded_raw_ridge_GD_1,1,0,600,True,5.213882251254589e-08,0.06354471559350637
expanded_raw_ridge_GD_10,1,0,275,True,6.110220177881712e-08,0.0632685063326787
expanded_raw_ridge_GD_100,1,0,100,True,6.05386816618543e-08,0.06063297796964256
expanded_raw_ridge_GD_1000,1,0,25,True,2.017886421151749e-08,0.04280289811693399
expanded_raw_ridge_GD_10000,1,0,25,True,6.694644838489694e-14,0.010861868156997263
expanded_log_GD,1,0,5675,True,9.871247874659872e-08,0.06357555445248639
expanded_log_ridge_GD_0.0001,1,0,5675,True,9.568846222078428e-08,0.063575551367104
expanded_log_ridge_GD_0.001,1,0,6425,True,9.649833687919537e-08,0.06357552359867599
expanded_log_ridge_GD_0.01,1,0,4200,True,9.843692544614897e-08,0.06357524591573001
expanded_log_ridge_GD_0.1,1,0,1700,True,9.430185284247468e-08,0.06357246921967834
expanded_log_ridge_GD_1,1,0,700,True,6.888737022806533e-08,0.06354471559350637
expanded_log_ridge_GD_10,1,0,275,True,5.792106144361653e-08,0.0632685063326787
expanded_log_ridge_GD_100,1,0,100,True,6.200130374389712e-08,0.06063297796964256
expanded_log_ridge_GD_1000,1,0,25,True,1.5904943542754957e-08,0.04280289811693399
expanded_log_ridge_GD_10000,1,0,25,True,4.468647674116255e-14,0.010861868156997263
expanded_raw_GD,1,1,6575,True,9.973450887379443e-08,0.06607537539262508
expanded_raw_ridge_GD_0.0001,1,1,5575,True,9.907757748548615e-08,0.06607537205983499
expanded_raw_ridge_GD_0.001,1,1,7150,True,9.90539175797653e-08,0.06607534206473933
expanded_raw_ridge_GD_0.01,1,1,3800,True,9.40404496964855e-08,0.06607504211528066
expanded_raw_ridge_GD_0.1,1,1,1575,True,9.239264279597417e-08,0.06607204277046552
expanded_raw_ridge_GD_1,1,1,800,True,8.665036111169758e-08,0.06604206429193962
expanded_raw_ridge_GD_10,1,1,250,True,9.596023626732252e-08,0.06574376896407338
expanded_raw_ridge_GD_100,1,1,75,True,9.004980168481058e-08,0.06290261660967641
expanded_raw_ridge_GD_1000,1,1,25,True,1.2050360542747995e-08,0.04392164246390066
expanded_raw_ridge_GD_10000,1,1,25,True,5.678790770957676e-14,0.010932533168943017
expanded_log_GD,1,1,5675,True,9.795422584168989e-08,0.06607537539262508
expanded_log_ridge_GD_0.0001,1,1,4925,True,9.11688180678144e-08,0.06607537205983499
expanded_log_ridge_GD_0.001,1,1,6025,True,9.771497611055902e-08,0.06607534206473933
expanded_log_ridge_GD_0.01,1,1,3925,True,9.418368975257978e-08,0.06607504211528066
expanded_log_ridge_GD_0.1,1,1,1825,True,8.213504543554476e-08,0.06607204277046552
expanded_log_ridge_GD_1,1,1,825,True,9.607713174109196e-08,0.06604206429193962
expanded_log_ridge_GD_10,1,1,225,True,7.887922294437695e-08,0.06574376896407338
expanded_log_ridge_GD_100,1,1,150,True,6.090947475345188e-08,0.06290261660967641
expanded_log_ridge_GD_1000,1,1,25,True,1.006567544592496e-08,0.04392164246390066
expanded_log_ridge_GD_10000,1,1,25,True,3.58046925441613e-14,0.010932533168943017
expanded_raw_GD,1,2,8075,True,9.892125940602625e-08,0.06680518962729569
expanded_raw_ridge_GD_0.0001,1,2,7925,True,9.916930523270851e-08,0.06680518624628574
expanded_raw_ridge_GD_0.001,1,2,6450,True,9.907577296997388e-08,0.06680515581721158
expanded_raw_ridge_GD_0.01,1,2,4550,True,9.484448593624737e-08,0.0668048515279946
expanded_raw_ridge_GD_0.1,1,2,1950,True,7.173392446382541e-08,0.06680180878827786
expanded_raw_ridge_GD_1,1,2,1000,True,8.561420265567818e-08,0.06677139662870887
expanded_raw_ridge_GD_10,1,2,250,True,6.032841927145621e-08,0.06646879112763066
expanded_raw_ridge_GD_100,1,2,100,True,5.621788435423644e-08,0.06358704954928059
expanded_raw_ridge_GD_1000,1,2,25,True,1.0341221712284465e-08,0.04435641266374815
expanded_raw_ridge_GD_10000,1,2,25,True,5.0681681074138396e-14,0.011022141278438346
expanded_log_GD,1,2,8775,True,9.823875812831062e-08,0.06680518962729569
expanded_log_ridge_GD_0.0001,1,2,8550,True,9.874830800109512e-08,0.06680518624628574
expanded_log_ridge_GD_0.001,1,2,6400,True,9.941945261039407e-08,0.06680515581721158
expanded_log_ridge_GD_0.01,1,2,4375,True,8.222408382524985e-08,0.0668048515279946
expanded_log_ridge_GD_0.1,1,2,1850,True,8.644019069286874e-08,0.06680180878827786
expanded_log_ridge_GD_1,1,2,600,True,9.349205973372549e-08,0.06677139662870887
expanded_log_ridge_GD_10,1,2,275,True,5.6201164654826746e-08,0.06646879112763066
expanded_log_ridge_GD_100,1,2,100,True,3.0742982898984694e-08,0.06358704954928059
expanded_log_ridge_GD_1000,1,2,25,True,8.88338508309161e-09,0.04435641266374815
expanded_log_ridge_GD_10000,1,2,25,True,4.030109579389318e-14,0.011022141278438346
expanded_raw_GD,1,3,6875,True,9.802026501581906e-08,0.06496675734697248
expanded_raw_ridge_GD_0.0001,1,3,6850,True,9.766550351651745e-08,0.06496675412507985
expanded_raw_ridge_GD_0.001,1,3,6925,True,9.718525520101625e-08,0.06496672512806052
expanded_raw_ridge_GD_0.01,1,3,3875,True,9.959307989981565e-08,0.0649664351592909
expanded_raw_ridge_GD_0.1,1,3,1625,True,7.66415178275249e-08,0.06496353561395368
expanded_raw_ridge_GD_1,1,3,600,True,7.350173990977593e-08,0.06493455438942705
expanded_raw_ridge_GD_10,1,3,250,True,8.225209015798318e-08,0.06464615801406304
expanded_raw_ridge_GD_100,1,3,100,True,3.5159209512553025e-08,0.06189709799875356
expanded_raw_ridge_GD_1000,1,3,25,True,1.8758945147245853e-08,0.04342902504318484
expanded_raw_ridge_GD_10000,1,3,25,True,5.034861416675085e-14,0.01090175319390725
expanded_log_GD,1,3,6825,True,9.730914385386313e-08,0.06496675734697248
expanded_log_ridge_GD_0.0001,1,3,6800,True,9.73827463941185e-08,0.06496675412507985
expanded_log_ridge_GD_0.001,1,3,7000,True,9.751716312053366e-08,0.06496672512806052
expanded_log_ridge_GD_0.01,1,3,4800,True,9.517249063756202e-08,0.0649664351592909
expanded_log_ridge_GD_0.1,1,3,1725,True,9.448142338061485e-08,0.06496353561395368
expanded_log_ridge_GD_1,1,3,725,True,2.6295343294230247e-08,0.06493455438942705
expanded_log_ridge_GD_10,1,3,350,True,8.161186619993349e-08,0.06464615801406304
expanded_log_ridge_GD_100,1,3,100,True,3.2910580663458866e-08,0.06189709799875356
expanded_log_ridge_GD_1000,1,3,25,True,1.3787209193760752e-08,0.04342902504318484
expanded_log_ridge_GD_10000,1,3,25,True,3.452793606584237e-14,0.01090175319390725
expanded_raw_GD,1,4,7325,True,9.12569302347066e-08,0.06590235205233679
expanded_raw_ridge_GD_0.0001,1,4,7175,True,8.808012283284972e-08,0.06590234873697817
expanded_raw_ridge_GD_0.001,1,4,6600,True,9.595335985453503e-08,0.06590231889876563
expanded_raw_ridge_GD_0.01,1,4,4425,True,9.863785696061784e-08,0.06590202051812631
expanded_raw_ridge_GD_0.1,1,4,1600,True,9.226382405069832e-08,0.06589903686033138
expanded_raw_ridge_GD_1,1,4,650,True,6.272937458655283e-08,0.06586921513473969
expanded_raw_ridge_GD_10,1,4,275,True,5.9251897845634394e-08,0.06557247568762616
expanded_raw_ridge_GD_100,1,4,75,True,7.598392244220764e-08,0.06274579083303818
expanded_raw_ridge_GD_1000,1,4,25,True,1.4135059400732786e-08,0.04384512439222364
expanded_raw_ridge_GD_10000,1,4,25,True,6.850076061937216e-14,0.010927786191905865
expanded_log_GD,1,4,7500,True,9.486518748325068e-08,0.06590235205233679
expanded_log_ridge_GD_0.0001,1,4,7300,True,8.81715960912576e-08,0.06590234873697817
expanded_log_ridge_GD_0.001,1,4,7125,True,9.381395630563201e-08,0.06590231889876563
expanded_log_ridge_GD_0.01,1,4,4350,True,8.479141221486367e-08,0.06590202051812631
expanded_log_ridge_GD_0.1,1,4,1625,True,8.751843458721254e-08,0.06589903686033138
expanded_log_ridge_GD_1,1,4,625,True,9.571044941314444e-08,0.06586921513473969
expanded_log_ridge_GD_10,1,4,225,True,6.904068495150375e-08,0.06557247568762616
expanded_log_ridge_GD_100,1,4,100,True,3.1077127736652e-08,0.06274579083303818
expanded_log_ridge_GD_1000,1,4,25,True,9.820503812929537e-09,0.04384512439222364
expanded_log_ridge_GD_10000,1,4,25,True,3.7969627442180354e-14,0.010927786191905865
expanded_raw_GD,2,0,8425,True,9.559847979900837e-08,0.06757539625962332
expanded_raw_ridge_GD_0.0001,2,0,8350,True,9.745480652413751e-08,0.06757539277379589
expanded_raw_ridge_GD_0.001,2,0,7325,True,9.681125644985563e-08,0.06757536140136512
expanded_raw_ridge_GD_0.01,2,0,4975,True,9.868368038771884e-08,0.06757504767865966
expanded_raw_ridge_GD_0.1,2,0,1650,True,7.59126456724565e-08,0.06757191061180988
expanded_raw_ridge_GD_1,2,0,925,True,7.61269235804822e-08,0.06754055595556002
expanded_raw_ridge_GD_10,2,0,250,True,4.885814864231258e-08,0.0672286024086504
expanded_raw_ridge_GD_100,2,0,75,True,6.525992816107384e-08,0.06426056195578497
expanded_raw_ridge_GD_1000,2,0,25,True,1.0411603856841367e-08,0.044579424625379054
expanded_raw_ridge_GD_10000,2,0,25,True,4.757305660518796e-14,0.010972833503690048
expanded_log_GD,2,0,6900,True,9.807326906141611e-08,0.06757539625962332
expanded_log_ridge_GD_0.0001,2,0,6825,True,9.45474581019437e-08,0.06757539277379589
expanded_log_ridge_GD_0.001,2,0,6600,True,9.901666108641388e-08,0.06757536140136512
expanded_log_ridge_GD_0.01,2,0,4175,True,9.700254050035802e-08,0.06757504767865966
expanded_log_ridge_GD_0.1,2,0,1350,True,9.217702633433156e-08,0.06757191061180988
expanded_log_ridge_GD_1,2,0,625,True,6.85420886471777e-08,0.06754055595556002
expanded_log_ridge_GD_10,2,0,350,True,5.942538788654417e-08,0.0672286024086504
expanded_log_ridge_GD_100,2,0,100,True,6.055374799154856e-08,0.06426056195578497
expanded_log_ridge_GD_1000,2,0,25,True,7.80961545779335e-09,0.044579424625379054
expanded_log_ridge_GD_10000,2,0,25,True,2.8255175976710234e-14,0.010972833503690048
expanded_raw_GD,2,1,7100,True,9.770982944967699e-08,0.06572693984710688
expanded_raw_ridge_GD_0.0001,2,1,7550,True,9.725123831463657e-08,0.06572693654937375
expanded_raw_ridge_GD_0.001,2,1,7250,True,9.904291914257827e-08,0.06572690686979044
expanded_raw_ridge_GD_0.01,2,1,3700,True,9.103622713252325e-08,0.06572661007543155
expanded_raw_ridge_GD_0.1,2,1,1625,True,7.911080749138048e-08,0.06572364227925756
expanded_raw_ridge_GD_1,2,1,675,True,6.19665747082776e-08,0.06569397905161496
expanded_raw_ridge_GD_10,2,1,325,True,6.75719657064304e-08,0.0653988128366195
expanded_raw_ridge_GD_100,2,1,100,True,5.309770443598025e-08,0.06258675955657239
expanded_raw_ridge_GD_1000,2,1,25,True,1.254837342368198e-08,0.043767412468585835
expanded_raw_ridge_GD_10000,2,1,25,True,6.072919944699606e-14,0.010922952402657574
expanded_log_GD,2,1,8200,True,9.293100999840931e-08,0.06572693984710688
expanded_log_ridge_GD_0.0001,2,1,8800,True,9.819724679425404e-08,0.06572693654937375
expanded_log_ridge_GD_0.001,2,1,7600,True,9.749767445277146e-08,0.06572690686979044
expanded_log_ridge_GD_0.01,2,1,4775,True,9.767284351149333e-08,0.06572661007543155
expanded_log_ridge_GD_0.1,2,1,1675,True,8.334234090016094e-08,0.06572364227925756
expanded_log_ridge_GD_1,2,1,625,True,9.357334053699401e-08,0.06569397905161496
expanded_log_ridge_GD_10,2,1,325,True,9.887778700673477e-08,0.0653988128366195
expanded_log_ridge_GD_100,2,1,100,True,7.992274994594872e-09,0.06258675955657239
expanded_log_ridge_GD_1000,2,1,25,True,1.0375792600103573e-08,0.043767412468585835
expanded_log_ridge_GD_10000,2,1,25,True,4.063416270128073e-14,0.010922952402657574
expanded_raw_GD,2,2,5775,True,9.750827545396135e-08,0.0642900725485536
expanded_raw_ridge_GD_0.0001,2,2,5775,True,9.007448670471763e-08,0.06429006939342899
expanded_raw_ridge_GD_0.001,2,2,5125,True,9.818323150849592e-08,0.06429004099732154
expanded_raw_ridge_GD_0.01,2,2,3850,True,9.068928092153194e-08,0.06428975703762657
expanded_raw_ridge_GD_0.1,2,2,2025,True,9.928874939369901e-08,0.06428691757863371
expanded_raw_ridge_GD_1,2,2,875,True,8.864170033986811e-08,0.06425853677762766
expanded_raw_ridge_GD_10,2,2,250,True,8.747014927038693e-08,0.06397610093249834
expanded_raw_ridge_GD_100,2,2,100,True,4.353828333752627e-08,0.06128254632766383
expanded_raw_ridge_GD_1000,2,2,25,True,1.868118118530937e-08,0.04312558950873767
expanded_raw_ridge_GD_10000,2,2,25,True,6.139533326177116e-14,0.010882532121386318
expanded_log_GD,2,2,5850,True,9.912893994545868e-08,0.0642900725485536
expanded_log_ridge_GD_0.0001,2,2,5800,True,8.752003063649045e-08,0.06429006939342899
expanded_log_ridge_GD_0.001,2,2,5175,True,9.737922724177903e-08,0.06429004099732154
expanded_log_ridge_GD_0.01,2,2,3625,True,9.56148280227407e-08,0.06428975703762657
expanded_log_ridge_GD_0.1,2,2,1325,True,9.956104373208899e-08,0.06428691757863371
expanded_log_ridge_GD_1,2,2,625,True,3.893174536689827e-08,0.06425853677762766
expanded_log_ridge_GD_10,2,2,250,True,9.983887412894771e-08,0.06397610093249834
expanded_log_ridge_GD_100,2,2,100,True,3.086020304576831e-08,0.06128254632766383
expanded_log_ridge_GD_1000,2,2,25,True,1.5773335027002844e-08,0.04312558950873767
expanded_log_ridge_GD_10000,2,2,25,True,4.118927421359331e-14,0.010882532121386318
expanded_raw_GD,2,3,8875,True,9.954348501040045e-08,0.06513206914401667
expanded_raw_ridge_GD_0.0001,2,3,8975,True,9.757191019783395e-08,0.06513206593023924
expanded_raw_ridge_GD_0.001,2,3,7650,True,9.804951901389082e-08,0.06513203700625654
expanded_raw_ridge_GD_0.01,2,3,3925,True,9.388698625532885e-08,0.0651317477678425
expanded_raw_ridge_GD_0.1,2,3,1675,True,6.199783767559018e-08,0.06512885552498537
expanded_raw_ridge_GD_1,2,3,575,True,6.719629173988599e-08,0.06509994721777834
expanded_raw_ridge_GD_10,2,3,250,True,6.757704920450601e-08,0.06481226935545303
expanded_raw_ridge_GD_100,2,3,100,True,4.293439287081369e-08,0.062069410697589575
expanded_raw_ridge_GD_1000,2,3,25,True,1.6218384718547085e-08,0.04361255459013757
expanded_raw_ridge_GD_10000,2,3,25,True,7.30526750203353e-14,0.010975623676177217
expanded_log_GD,2,3,9350,True,9.814651302786359e-08,0.06513206914401667
expanded_log_ridge_GD_0.0001,2,3,9025,True,9.882048430981415e-08,0.06513206593023924
expanded_log_ridge_GD_0.001,2,3,7775,True,9.862142195823131e-08,0.06513203700625654
expanded_log_ridge_GD_0.01,2,3,4075,True,8.88487742494961e-08,0.0651317477678425
expanded_log_ridge_GD_0.1,2,3,2225,True,8.389939447925408e-08,0.06512885552498537
expanded_log_ridge_GD_1,2,3,925,True,8.702072306596446e-08,0.06509994721777834
expanded_log_ridge_GD_10,2,3,225,True,7.129220833818062e-08,0.06481226935545303
expanded_log_ridge_GD_100,2,3,150,True,3.4826918758612546e-08,0.062069410697589575
expanded_log_ridge_GD_1000,2,3,25,True,1.1219335405154851e-08,0.04361255459013757
expanded_log_ridge_GD_10000,2,3,25,True,4.618527782440651e-14,0.010975623676177217
expanded_raw_GD,2,4,6500,True,9.495850572527331e-08,0.06425322474477879
expanded_raw_ridge_GD_0.0001,2,4,6400,True,8.837225339172675e-08,0.06425322159326986
expanded_raw_ridge_GD_0.001,2,4,5250,True,9.827618999994193e-08,0.06425319322970348
expanded_raw_ridge_GD_0.01,2,4,3575,True,6.8048303435455e-08,0.0642529095954169
expanded_raw_ridge_GD_0.1,2,4,1750,True,9.015649915554771e-08,0.06425007339027083
expanded_raw_ridge_GD_1,2,4,925,True,9.829889270379817e-08,0.06422172510404132
expanded_raw_ridge_GD_10,2,4,375,True,6.827997922121722e-08,0.06393961205292151
expanded_raw_ridge_GD_100,2,4,75,True,7.60151641111817e-08,0.06124906451013951
expanded_raw_ridge_GD_1000,2,4,25,True,2.194243686748365e-08,0.04310900602316993
expanded_raw_ridge_GD_10000,2,4,25,True,5.739853037312059e-14,0.010881475813500801
expanded_log_GD,2,4,6525,True,7.624380216064708e-08,0.06425322474477879
expanded_log_ridge_GD_0.0001,2,4,6375,True,8.218227537983224e-08,0.06425322159326986
expanded_log_ridge_GD_0.001,2,4,5350,True,8.930218448470912e-08,0.06425319322970348
expanded_log_ridge_GD_0.01,2,4,4725,True,9.780914011743927e-08,0.0642529095954169
expanded_log_ridge_GD_0.1,2,4,1800,True,7.955981779663563e-08,0.06425007339027083
expanded_log_ridge_GD_1,2,4,950,True,8.088773247602946e-08,0.06422172510404132
expanded_log_ridge_GD_10,2,4,250,True,9.833445523566714e-08,0.06393961205292151
expanded_log_ridge_GD_100,2,4,150,True,5.426435857602829e-08,0.06124906451013951
expanded_log_ridge_GD_1000,2,4,25,True,1.520503525864747e-08,0.04310900602316993
expanded_log_ridge_GD_10000,2,4,25,True,3.544387006115812e-14,0.010881475813500801
expanded_raw_GD,3,0,6625,True,9.958227720208157e-08,0.06556297447299467
expanded_raw_ridge_GD_0.0001,3,0,6475,True,9.842634503859372e-08,0.06556297119169437
expanded_raw_ridge_GD_0.001,3,0,5175,True,9.699035579028167e-08,0.06556294166000634
expanded_raw_ridge_GD_0.01,3,0,2875,True,9.963769081769934e-08,0.06556264634458943
expanded_raw_ridge_GD_0.1,3,0,1650,True,8.454555665602477e-08,0.0655596933367346
expanded_raw_ridge_GD_1,3,0,600,True,8.059989255616157e-08,0.06553017788230987
expanded_raw_ridge_GD_10,3,0,425,True,6.632715911962864e-08,0.06523647847505816
expanded_raw_ridge_GD_100,3,0,75,True,6.880289900486336e-08,0.062438069469359064
expanded_raw_ridge_GD_1000,3,0,25,True,1.3656735270428655e-08,0.04369464635437886
expanded_raw_ridge_GD_10000,3,0,25,True,5.3790305543088834e-14,0.010918414557169912
expanded_log_GD,3,0,7600,True,9.836279779573687e-08,0.06556297447299467
expanded_log_ridge_GD_0.0001,3,0,7400,True,9.945229660924224e-08,0.06556297119169437
expanded_log_ridge_GD_0.001,3,0,6275,True,9.555091767925025e-08,0.06556294166000634
expanded_log_ridge_GD_0.01,3,0,4100,True,9.924461558447517e-08,0.06556264634458943
expanded_log_ridge_GD_0.1,3,0,1675,True,8.165501830930137e-08,0.0655596933367346
expanded_log_ridge_GD_1,3,0,950,True,8.090352097088992e-08,0.06553017788230987
expanded_log_ridge_GD_10,3,0,275,True,3.7946268721406745e-08,0.06523647847505816
expanded_log_ridge_GD_100,3,0,100,True,4.1056353008300794e-08,0.062438069469359064
expanded_log_ridge_GD_1000,3,0,25,True,8.745059232317942e-09,0.04369464635437886
expanded_log_ridge_GD_10000,3,0,25,True,3.24462678946702e-14,0.010918414557169912
expanded_raw_GD,3,1,7025,True,9.967264547050547e-08,0.06360618699628304
expanded_raw_ridge_GD_0.0001,3,1,6775,True,9.398472832479346e-08,0.06360618393132332
expanded_raw_ridge_GD_0.001,3,1,6175,True,9.915562724725814e-08,0.06360615634669914
expanded_raw_ridge_GD_0.01,3,1,3650,True,9.719277989137074e-08,0.06360588050177325
expanded_raw_ridge_GD_0.1,3,1,1600,True,8.207315384966716e-08,0.0636031221840988
expanded_raw_ridge_GD_1,3,1,575,True,8.691769811633616e-08,0.06357555215947208
expanded_raw_ridge_GD_10,3,1,225,True,8.114789949806994e-08,0.06330116082412689
expanded_raw_ridge_GD_100,3,1,100,True,6.891141018320474e-08,0.06068212734532905
expanded_raw_ridge_GD_1000,3,1,25,True,2.953582305120772e-08,0.04292306297892767
expanded_raw_ridge_GD_10000,3,1,25,True,7.194245199571014e-14,0.01093143275543112
expanded_log_GD,3,1,8475,True,9.662682465272354e-08,0.06360618699628304
expanded_log_ridge_GD_0.0001,3,1,6775,True,9.783528012367762e-08,0.06360618393132332
expanded_log_ridge_GD_0.001,3,1,7100,True,9.885671365290656e-08,0.06360615634669914
expanded_log_ridge_GD_0.01,3,1,3550,True,9.418940417341896e-08,0.06360588050177325
expanded_log_ridge_GD_0.1,3,1,1675,True,9.541397939349505e-08,0.0636031221840988
expanded_log_ridge_GD_1,3,1,575,True,6.886609384517458e-08,0.06357555215947208
expanded_log_ridge_GD_10,3,1,225,True,7.221364300147846e-08,0.06330116082412689
expanded_log_ridge_GD_100,3,1,150,True,5.468848515103458e-08,0.06068212734532905
expanded_log_ridge_GD_1000,3,1,25,True,2.0555496332841372e-08,0.04292306297892767
expanded_log_ridge_GD_10000,3,1,25,True,4.618527782440651e-14,0.01093143275543112
expanded_raw_GD,3,2,7375,True,9.967956204892658e-08,0.0649426636669694
expanded_raw_ridge_GD_0.0001,3,2,7575,True,9.846215492837789e-08,0.06494266044746606
expanded_raw_ridge_GD_0.001,3,2,7600,True,9.650978090076295e-08,0.06494263147195051
expanded_raw_ridge_GD_0.01,3,2,4975,True,9.698391236151807e-08,0.06494234171821703
expanded_raw_ridge_GD_0.1,3,2,1750,True,9.995232144131692e-08,0.06493944432308284
expanded_raw_ridge_GD_1,3,2,650,True,7.587473576552628e-08,0.06491048458476445
expanded_raw_ridge_GD_10,3,2,375,True,6.358089280034899e-08,0.0646223014996657
expanded_raw_ridge_GD_100,3,2,250,True,5.666330558625268e-08,0.061875226983527695
expanded_raw_ridge_GD_1000,3,2,25,True,1.3800000614461183e-08,0.04341825706132381
expanded_raw_ridge_GD_10000,3,2,25,True,6.039613253960852e-14,0.0109010745413264
expanded_log_GD,3,2,8025,True,9.982162019195329e-08,0.0649426636669694
expanded_log_ridge_GD_0.0001,3,2,8150,True,9.840858162981874e-08,0.06494266044746606
expanded_log_ridge_GD_0.001,3,2,7200,True,9.66456205139897e-08,0.06494263147195051
expanded_log_ridge_GD_0.01,3,2,4775,True,8.315054949730128e-08,0.06494234171821703
expanded_log_ridge_GD_0.1,3,2,1750,True,9.483234851375127e-08,0.06493944432308284
expanded_log_ridge_GD_1,3,2,1125,True,6.788341319792501e-08,0.06491048458476445
expanded_log_ridge_GD_10,3,2,275,True,6.083387248632943e-08,0.0646223014996657
expanded_log_ridge_GD_100,3,2,100,True,3.694378776660477e-08,0.061875226983527695
expanded_log_ridge_GD_1000,3,2,25,True,1.0378979189984427e-08,0.04341825706132381
expanded_log_ridge_GD_10000,3,2,25,True,4.235500838944972e-14,0.0109010745413264
expanded_raw_GD,3,3,7650,True,9.852900262341535e-08,0.06663518951368498
expanded_raw_ridge_GD_0.0001,3,3,7475,True,9.825374743215525e-08,0.0666351861241825
expanded_raw_ridge_GD_0.001,3,3,6925,True,9.897161014910528e-08,0.06663515561867564
expanded_raw_ridge_GD_0.01,3,3,3850,True,9.275374625628921e-08,0.06663485056514333
expanded_raw_ridge_GD_0.1,3,3,1550,True,8.770804766039357e-08,0.06663180018343089
expanded_raw_ridge_GD_1,3,3,575,True,6.963623341740659e-08,0.06660131171957587
expanded_raw_ridge_GD_10,3,3,225,True,5.82622506550487e-08,0.06629795464557979
expanded_raw_ridge_GD_100,3,3,100,True,5.090516014098767e-08,0.06340975367175122
expanded_raw_ridge_GD_1000,3,3,25,True,1.1509777020357603e-08,0.04416829739568363
expanded_raw_ridge_GD_10000,3,3,25,True,5.845324224651449e-14,0.0109477507729439
expanded_log_GD,3,3,7875,True,9.769681286186938e-08,0.06663518951368498
expanded_log_ridge_GD_0.0001,3,3,7125,True,9.519219958790342e-08,0.0666351861241825
expanded_log_ridge_GD_0.001,3,3,5500,True,7.963851537103527e-08,0.06663515561867564
expanded_log_ridge_GD_0.01,3,3,4025,True,9.984986020603346e-08,0.06663485056514333
expanded_log_ridge_GD_0.1,3,3,1450,True,6.437521182388242e-08,0.06663180018343089
expanded_log_ridge_GD_1,3,3,675,True,9.759556658401475e-08,0.06660131171957587
expanded_log_ridge_GD_10,3,3,250,True,6.291899625008451e-08,0.06629795464557979
expanded_log_ridge_GD_100,3,3,75,True,9.291792274317145e-08,0.06340975367175122
expanded_log_ridge_GD_1000,3,3,25,True,1.0663423907764091e-08,0.04416829739568363
expanded_log_ridge_GD_10000,3,3,25,True,3.708144902248023e-14,0.0109477507729439
expanded_raw_GD,3,4,7250,True,9.77002903024271e-08,0.06574170722902542
expanded_raw_ridge_GD_0.0001,3,4,6625,True,9.792697728060421e-08,0.06574170392981026
expanded_raw_ridge_GD_0.001,3,4,6575,True,9.836213652076058e-08,0.06574167423688877
expanded_raw_ridge_GD_0.01,3,4,4675,True,9.84083384050169e-08,0.06574137730914908
expanded_raw_ridge_GD_0.1,3,4,1675,True,8.12822309729483e-08,0.06573840817926647
expanded_raw_ridge_GD_1,3,4,975,True,6.799482733343791e-08,0.06570873162446934
expanded_raw_ridge_GD_10,3,4,250,True,4.3926333046645505e-08,0.06541343312449746
expanded_raw_ridge_GD_100,3,4,100,True,4.6041123928988736e-08,0.06260014944483054
expanded_raw_ridge_GD_1000,3,4,25,True,1.4205044363002628e-08,0.04377396012415903
expanded_raw_ridge_GD_10000,3,4,25,True,5.3013149425851225e-14,0.010923360172789078
expanded_log_GD,3,4,9250,True,9.947664370013598e-08,0.06574170722902542
expanded_log_ridge_GD_0.0001,3,4,8975,True,9.82928052075502e-08,0.06574170392981026
expanded_log_ridge_GD_0.001,3,4,7100,True,9.974538092212236e-08,0.06574167423688877
expanded_log_ridge_GD_0.01,3,4,4375,True,9.221622200626754e-08,0.06574137730914908
expanded_log_ridge_GD_0.1,3,4,1700,True,7.604910523756683e-08,0.06573840817926647
expanded_log_ridge_GD_1,3,4,700,True,4.77187388371993e-08,0.06570873162446934
expanded_log_ridge_GD_10,3,4,250,True,9.181645082461439e-08,0.06541343312449746
expanded_log_ridge_GD_100,3,4,100,True,2.134077648385975e-08,0.06260014944483054
expanded_log_ridge_GD_1000,3,4,25,True,1.0188471247229991e-08,0.04377396012415903
expanded_log_ridge_GD_10000,3,4,25,True,3.4916514124461173e-14,0.010923360172789078
