configuration,expanded,target,alpha,MAE,MSE,RMSE,R2,MAPE_pct,sMAPE_pct,MedianAE,fold_RMSE_std,repeat_RMSE_std,repeat_RMSE_min,repeat_RMSE_max,all_cv_fits_converged
original_log_ridge_GD_10,False,log,10.0,1574.9366935868923,5629657.729447808,2372.689977525047,0.9108616464962962,11.945284562140188,11.730572656021108,1104.7616958755098,567.9412201253307,19.740435240955904,2354.5867119721293,2393.716563317063,True
expanded_log_ridge_GD_10,True,log,10.0,1659.5532213681875,6417892.750979639,2533.3560253110177,0.8983809637674377,12.17931923929254,11.947653414793335,1130.6966308931424,597.276036462689,122.26095243658746,2409.529522886262,2654.0475008947637,True
expanded_raw_ridge_GD_10,True,raw,10.0,1838.9656804224464,6506134.763764225,2550.7125992091355,0.8969837655526464,14.365020572968959,14.608768136121949,1376.683655049098,495.09367609246857,19.7141866993054,2536.9379228495936,2573.252400179251,True
expanded_log_ridge_GD_100,True,log,100.0,1692.675703971526,6589862.7357229525,2567.0727951740973,0.8956580413396865,12.239661376960283,12.000212377976117,1200.8679530688278,709.1533793640098,88.88714590582371,2496.365521779627,2666.150762454447,True
original_raw_ridge_GD_10,False,raw,10.0,1882.040403233949,7048777.627837995,2654.9534134967407,0.8883917171957715,15.001270709880188,15.327957946011296,1391.8284724583045,622.793014422212,128.7187317109846,2522.6816390720114,2780.066784075759,True
expanded_raw_ridge_GD_100,True,raw,100.0,1811.4520988826368,7214174.657880536,2685.9215658467274,0.8857728690098017,14.057542641399156,13.898818669056256,1303.6961918406569,707.1009770058727,86.13544438258133,2618.5694086153007,2782.321509730292,True
original_log_ridge_GD_100,False,log,100.0,1713.1099786634206,7225157.182006184,2687.9652494044976,0.8855989749357883,12.42855683120215,12.204874939731521,1120.778320317646,897.5908658293416,117.334827282173,2593.357984742152,2818.1163394297682,True
expanded_raw_ridge_GD_1,True,raw,1.0,1928.622502113583,7587620.193879199,2754.5635214819786,0.879859841646148,14.711051460757005,15.258886569825233,1327.788304265634,581.764365499451,40.471813891753655,2713.217662051977,2794.12561503096,True
original_raw_ridge_GD_1,False,raw,1.0,2044.1002909514837,8053857.88343217,2837.931973009954,0.8724775704699217,15.85213787004932,16.599000323556538,1494.947751125792,589.245600547734,167.54942433807972,2723.411523755636,3027.3388854345008,True
original_log_ridge_GD_1,False,log,1.0,1767.9083124392434,8294488.495559586,2880.015363771448,0.8686674957551788,12.640278455317958,12.503846721302727,1153.5699996019948,825.3570486303958,68.30026020406169,2800.901640060646,2924.6401471471045,True
original_raw_ridge_GD_100,False,raw,100.0,1974.0822132209846,9121683.213852964,3020.2124451523214,0.8555699365856511,15.02742005246838,14.888020792899889,1352.2834296685305,933.0747575358785,89.46414528669065,2925.355868109457,3103.472295441894,True
expanded_raw_ridge_GD_0.1,True,raw,0.1,2059.3265838811008,9329241.251020547,3054.38066570304,0.8522835233472758,15.666100998111443,16.015677824974215,1368.8289648502696,678.6277488054142,216.8635205632749,2813.7096296304226,3240.6486526886215,True
expanded_log_ridge_GD_1,True,log,1.0,1849.761871833896,9857261.044968253,3139.627532840202,0.843923012404725,12.895168773521082,12.770449225821112,1174.5644890990407,1031.1584619739451,101.9621753785897,3066.9947514296505,3255.2756700136065,True
original_raw_ridge_GD_0.1,False,raw,0.1,2271.704316677381,10833485.822110325,3291.426107648526,0.8284657548828721,17.404607971680026,17.717785603388013,1613.1389535575777,607.6949321960141,229.05842843506474,3021.661625850609,3422.6625827682155,True
expanded_raw_ridge_GD_0.01,True,raw,0.01,2271.556825759212,12160012.798915992,3487.1209900024965,0.8074619148141969,17.22134947938765,17.254104085748335,1422.4325701611651,932.204897805724,339.26208663104154,3084.4218287899107,3678.1983397548183,True
original_raw_ridge_GD_0.01,False,raw,0.01,2434.001611741111,14167427.248158516,3763.9642995329427,0.7756771017039735,18.7817777487357,18.503808974197856,1640.3080766736703,1073.357487664206,535.4310069569764,3255.478399408285,4314.227818545829,True
original_log_ridge_GD_0.1,False,log,0.1,2164.413400885684,14949596.974254733,3866.470868150274,0.7632924550886102,14.49533876215296,14.325712225306061,1213.944030801012,1154.2713554095963,183.2273374229825,3687.9160837587588,4053.5329875124226,True
original_raw_ridge_GD_0.001,False,raw,0.001,2467.9281626644024,15065094.330348251,3881.3778906914295,0.7614637037415515,19.090175898673266,18.69211349606248,1633.2966957041776,1221.3897877686045,636.4923966037346,3302.0938678458106,4546.260932753843,True
original_raw_ridge_GD_0.0001,False,raw,0.0001,2471.809571352239,15170424.049293267,3894.922855371242,0.7597959437865094,19.126772119311408,18.7155161352228,1633.4555952632986,1238.67676930493,648.4770719993234,3307.2282223151597,4573.143045193315,True
original_raw_GD,False,raw,0.0,2472.2439123094305,15182309.918609425,3896.44837237829,0.7596077464090275,19.130873844831907,18.718138160900175,1633.473411809444,1240.6279565020127,649.8306313856474,3307.8097570792957,4576.174729964258,True
expanded_log_ridge_GD_0.1,True,log,0.1,2207.7704849760967,16342005.865735613,4042.5246895641358,0.7412454600570495,14.6839765583865,14.5238642877361,1191.0481250639064,1283.1109213135644,175.81622643510778,3864.039809194223,4215.672019932632,True
expanded_raw_ridge_GD_1000,True,raw,1000.0,2755.3736182988755,17446194.744351532,4176.864223834853,0.7237620563889942,20.82306130617727,19.539469068601885,1899.63690552781,1459.4803750717138,124.89274408888407,4088.4194876638644,4318.694480378018,True
expanded_log_ridge_GD_0.01,True,log,0.01,2287.2222348181267,17949071.695013195,4236.63447739042,0.7157996498713708,15.319051949313033,15.105626662897132,1143.9589287532617,1392.338643227189,752.290303277645,3356.6166152940605,4816.146761769956,True
expanded_raw_ridge_GD_0.001,True,raw,0.001,2526.9628606453703,18667408.626600325,4320.579663262827,0.7044257130496627,18.52385775225859,18.770200797705748,1447.3982566440786,1550.9354051686785,594.026715144201,3838.039415965688,4965.228948635446,True
expanded_log_ridge_GD_1000,True,log,1000.0,2725.579929267823,18783667.2778489,4334.01283775774,0.7025849075778396,19.533516481065732,19.134447549702912,1769.9909174873756,1579.6915513758206,122.82839156453011,4228.9876533219995,4468.426233656801,True
original_log_ridge_GD_0.01,False,log,0.01,2358.2657864518715,19866758.1340046,4457.214167392521,0.6854355638250879,15.498228749422205,15.270982314263746,1291.1871598485495,1379.1676813506085,467.5849033324435,3991.466598827815,4924.722794818892,True
original_log_ridge_GD_0.001,False,log,0.001,2391.042440635026,20861185.008921582,4567.404625049283,0.6696900996121813,15.675448334202995,15.430513177691788,1295.0447673567696,1435.6625752737218,533.2228139384523,4042.079850739095,5104.510581895426,True
original_log_ridge_GD_0.0001,False,log,0.0001,2394.609070991495,20973011.305262294,4579.630040217473,0.6679194747512618,15.694897344796033,15.447772391106005,1296.227332434274,1442.384267642876,540.844094934548,4047.5295459067943,5124.885696828036,True
original_log_GD,False,log,0.0,2395.0063368126766,20985533.597857613,4580.997009151786,0.6677212004337664,15.697062276519164,15.449690995755427,1296.3564751684808,1443.147378957043,541.7002149542205,4048.138933933399,5127.17020685127,True
expanded_log_ridge_GD_0.001,True,log,0.001,2437.700892771987,22038047.118862893,4694.469844280917,0.651056009260235,16.015501362535282,15.991225097643769,1149.9747789086596,1827.0462997554896,873.8022663540886,3838.8712888392515,5571.74302544888,True
expanded_raw_ridge_GD_0.0001,True,raw,0.0001,2633.1587995067944,23078725.565347575,4804.032219432711,0.6345782111942528,19.020099193660307,19.269882795595155,1472.001110899444,2019.447895018948,860.0142017226979,4253.722812368943,5745.491097530096,True
original_raw_ridge_GD_1000,False,raw,1000.0,3153.7344712768177,23233567.792959966,4820.121138826281,0.6321264846621021,24.237766471800303,22.495511409494068,2194.3908201430786,1660.01412911399,108.97877321093651,4720.09270090869,4935.946878099196,True
expanded_raw_GD,True,raw,0.0,2649.7465064092426,23858770.463318855,4884.544038425578,0.6222272084857907,19.098005452763925,19.336797175457782,1479.7883208002913,2099.247749985119,904.1656251988406,4289.295169332383,5872.28382733781,True
expanded_log_ridge_GD_0.0001,True,log,0.0001,2526.0397616419546,25118997.786231745,5011.885651751419,0.6022731377405601,16.365516395737064,16.427848405366408,1179.5874334067712,1978.8856816859366,712.9433643738237,4375.345376309868,5764.99656612843,True
expanded_log_GD,True,log,0.0,2539.4076671531784,25596616.910178456,5059.30992430573,0.5947106562618385,16.42015976926813,16.495848725797345,1185.6206751585069,2004.7339173666892,686.9445258791334,4454.951207078685,5789.575614080561,True
original_log_ridge_GD_1000,False,log,1000.0,3139.7228546484225,25816820.79263138,5081.025565044067,0.5912240124088199,22.33728577500477,21.775264051030362,2063.2513602096433,1804.1454079650996,86.45549068574205,5017.826564601993,5179.159648172056,True
expanded_raw_ridge_GD_10000,True,raw,10000.0,4989.534081118174,49198809.7815324,7014.18632355403,0.22100043927575075,42.30286087227718,36.43254302167747,4053.736523309206,1984.1243488604516,72.84775686564416,6955.94938194676,7095.700760143965,True
expanded_log_ridge_GD_10000,True,log,10000.0,4951.874351644959,51113122.6577655,7149.344211727779,0.1906897692352303,40.55790152766059,35.95226238669869,3830.9784568635077,2081.6531441029,59.89167685086569,7108.721817296291,7217.979727535251,True
original_raw_ridge_GD_10000,False,raw,10000.0,5218.36717421822,53709991.23476444,7328.710066223417,0.149571711913849,44.37062581886757,37.98374823948793,4256.178666032483,2030.8523135469738,65.47594773020859,7271.788578303689,7400.1643262815005,True
original_log_ridge_GD_10000,False,log,10000.0,5175.682651098749,54972855.69587553,7414.368192629466,0.12957588549389598,42.880769229453854,37.55549529173133,4072.5631185267885,2108.8731995624,55.65763245909824,7368.115822522541,7476.053481935849,True
mean_baseline,False,raw,,5820.000076916061,64660463.110234916,8041.172993427944,-0.023814856147331698,50.17801379401394,42.09295724554021,4865.096694656488,2079.02319225986,54.06049467466785,7995.544881640597,8100.810383643179,
median_baseline,False,raw,,5469.621953252033,71529968.4870115,8457.539150782071,-0.13258459457524285,37.70323063292437,39.27833519174223,3502.0,2452.723247794165,15.111897731865644,8446.605144103136,8474.776227980346,
