feature,coefficient
intercept,9.355162491699371
wheelbase,0.029547790293816496
carlength,0.02745946784939445
carwidth,0.06642560437533329
carheight,-0.035638937856711836
curbweight,0.08278011374690385
enginesize,0.0542766981867297
boreratio,-0.008413820429937808
stroke,-0.0014133109513304175
compressionratio,0.0061023185039641315
horsepower,0.04922473195880703
peakrpm,0.0034467068883259865
citympg,-0.04047316255815099
highwaympg,-0.000734296217565084
symboling=-2,-0.0132350036881003
symboling=0,0.0038323349291747005
symboling=1,-0.030268460261092638
symboling=2,-0.02039485028452362
symboling=3,0.027958162781060104
fueltype=gas,-0.012378093607966371
aspiration=turbo,0.026857109336878827
doornumber=two,-0.0028718339899072853
carbody=hardtop,-0.0005611608860220141
carbody=hatchback,-0.03919025281697967
carbody=sedan,-0.012164794965455333
carbody=wagon,-0.013622536634969786
drivewheel=fwd,-0.018118698742308256
drivewheel=rwd,0.025076142889686705
enginelocation=rear,0.044151534806504404
enginetype=dohcv,-0.003233903599019185
enginetype=l,-0.015423379578454867
enginetype=ohc,-0.0024718015795328224
enginetype=ohcf,0.003931176235429667
enginetype=ohcv,-0.001313986843458208
enginetype=rotor,0.005114464060547469
cylindernumber=five,-0.013649638311245578
cylindernumber=four,-0.016825846906053217
cylindernumber=six,-0.009300396973725877
cylindernumber=three,0.004520673980857217
cylindernumber=twelve,-0.0034107026520612317
cylindernumber=two,0.005114464060547469
fuelsystem=2bbl,-0.0031517373433791037
fuelsystem=4bbl,-0.011170497277182414
fuelsystem=idi,0.012378093607967029
fuelsystem=mfi,-0.0012319364782765823
fuelsystem=mpfi,0.033175554452304225
fuelsystem=spdi,0.012303572341538248
fuelsystem=spfi,0.000650578456924779
manufacturer=audi,0.03012598777867575
manufacturer=bmw,0.07430710424332936
manufacturer=buick,0.03786747026715924
manufacturer=chevrolet,0.004520673980857217
manufacturer=dodge,-0.02932805619512528
manufacturer=honda,-0.0037251542066362806
manufacturer=isuzu,0.00032793528725235966
manufacturer=jaguar,-0.0034107026520612317
manufacturer=mazda,-0.008974747424673482
manufacturer=mercury,0.0012934564464992088
manufacturer=mitsubishi,-0.052982279505370544
manufacturer=nissan,-0.02137262534112883
manufacturer=peugeot,-0.01794021296991736
manufacturer=plymouth,-0.026344324019817976
manufacturer=porsche,0.04277608110248824
manufacturer=renault,-0.018231440427762865
manufacturer=saab,0.014122567151271343
manufacturer=subaru,-0.02674608710829097
manufacturer=toyota,-0.04404754430215433
manufacturer=volkswagen,-0.009428738682381201
manufacturer=volvo,0.008861035207463844
