repeat,fold,MAE,MSE,RMSE,R2,MAPE_pct,sMAPE_pct,MedianAE
1,0,1520.570009658757,4596687.103180641,2143.988596793519,0.881362488053178,11.571663218940776,11.981582921634446,1166.4057392717714
1,1,1019.0151165755061,1806896.5005243362,1344.2085033670692,0.9483326216323048,9.800848335925616,9.490971243736935,626.1357107094318
1,2,2066.784688311295,13163352.846812453,3628.1335210838715,0.9030707212842914,10.30989873050795,10.933776597087666,1010.4576635389399
1,3,1318.562395108606,3507857.5141865145,1872.9275250757876,0.8427520410916993,12.878316902214273,11.983903878197287,910.5743001968858
1,4,1658.7153265149832,4876486.055141815,2208.2767161616803,0.9236793698127892,13.602479509156721,13.913988295692914,1171.522724978753
2,0,1620.8025457946096,5642408.951555755,2375.3755390581414,0.9119688942710525,11.477791856076758,11.232624794168913,1064.2773958659855
2,1,1608.283929097784,6508375.916652743,2551.1518803577223,0.893984019720056,10.963361441103464,11.558178462327607,1110.4006956877165
2,2,1510.040103974017,4089593.368318025,2022.274305903634,0.878447426818036,16.051737045011176,14.021055844758346,1207.0607215752389
2,3,1797.0423937129162,5134180.4133159425,2265.872991435297,0.9323615449289472,12.524317298257603,12.511211986076857,1228.2437412847748
2,4,1656.6662211907037,7256784.805765072,2693.8420157398004,0.9023480037036309,11.09169626665201,11.133536391336293,1255.9316546261198
3,0,1841.6647084012957,10149389.20311116,3185.8106037727916,0.9071937574791193,11.220990348090035,11.247152708185327,1294.971759679309
3,1,1473.0682198726568,3472919.251898556,1863.5770045529528,0.8695218758443417,11.602556924675483,11.326341350909837,1058.50762750681
3,2,1691.8681252370386,5219590.482077114,2284.642309438638,0.8790564340905705,12.752463934194655,13.20566438534882,1378.5157402027817
3,3,1631.2461908080065,6145773.546531227,2479.0670718097217,0.9313598986229354,10.839162944769896,10.149829976191773,1085.93380207898
3,4,1228.2684665493387,3022493.598514865,1738.532024011886,0.913259151461626,12.449587290678563,11.256031973330577,877.8809885791206
