repeat,fold,car_ID,actual,predicted
1,0,1,13495.0,13115.941451899398
1,0,2,16500.0,13115.941451899398
1,0,25,6229.0,6617.896155386376
1,0,33,5399.0,6650.448369451157
1,0,50,36000.0,38517.005945792094
1,0,58,13645.0,11436.167679900149
1,0,59,15645.0,12867.711608105954
1,0,64,10795.0,9628.594260728229
1,0,67,18344.0,11005.78152368308
1,0,70,28176.0,28311.773376610865
1,0,85,14489.0,12875.885443108775
1,0,91,7099.0,6872.417579562227
1,0,106,19699.0,20156.227922983606
1,0,108,11900.0,15126.001006979237
1,0,109,13200.0,16260.514896944245
1,0,136,15510.0,12411.77500929656
1,0,137,18150.0,15131.467673578494
1,0,142,7126.0,8855.159858388613
1,0,146,11259.0,11416.501027586755
1,0,148,10198.0,9989.194498844165
1,0,159,7898.0,8024.116211904729
1,0,161,7738.0,7421.579079984989
1,0,162,8358.0,7489.174642867695
1,0,164,8058.0,7919.055856621006
1,0,166,9298.0,9169.53075519735
1,0,170,9989.0,10676.787557524875
1,0,176,9988.0,9411.865179239749
1,0,177,10898.0,9734.241356784489
1,0,178,11248.0,9474.082799701
1,0,182,15750.0,15725.868850188452
1,0,186,8195.0,9496.528499028882
1,0,190,11595.0,9830.807677395856
1,0,199,18420.0,15454.066131255435
1,1,5,17450.0,14824.103828195271
1,1,14,21105.0,22702.08046765459
1,1,16,30760.0,30935.614558127978
1,1,22,5572.0,6153.487348995454
1,1,29,8921.0,8253.22677500817
1,1,30,12964.0,13253.805027308672
1,1,32,6855.0,6461.313701608998
1,1,35,7129.0,7160.547822036138
1,1,52,6095.0,6622.008646725863
1,1,60,8845.0,9059.108746198037
1,1,62,10595.0,9059.108746198037
1,1,65,11245.0,9299.199122248443
1,1,69,28248.0,25906.348992362575
1,1,76,16503.0,16741.1754328025
1,1,79,6669.0,6178.499458294386
1,1,82,8499.0,9597.93855479203
1,1,86,6989.0,8781.482510038088
1,1,88,9279.0,9905.135710709432
1,1,90,5499.0,7146.937085531182
1,1,97,7499.0,7168.516237958582
1,1,99,8249.0,7200.433850631469
1,1,100,8949.0,8664.006803789182
1,1,104,13499.0,15709.674558325283
1,1,105,17199.0,18363.243044576862
1,1,121,6229.0,6429.022313658015
1,1,133,11850.0,15388.273922658014
1,1,135,15040.0,14687.76927676591
1,1,145,9233.0,9139.330448137282
1,1,163,9258.0,7842.7884470906565
1,1,169,9639.0,12090.520791467246
1,1,172,11549.0,11076.747152748261
1,1,187,8495.0,9356.629118801762
1,1,189,9995.0,9612.793972378222
1,2,3,16500.0,11484.652989179778
1,2,17,41315.0,31199.842046514124
1,2,18,36880.0,36532.23599497732
1,2,23,6377.0,6083.166388164843
1,2,24,7957.0,8104.693266147106
1,2,26,6692.0,6788.541749084569
1,2,27,7609.0,6788.541749084569
1,2,28,8558.0,8713.936858069828
1,2,36,7295.0,8674.43740830481
1,2,68,25552.0,29683.024325527396
1,2,73,35056.0,31145.06815285621
1,2,75,45400.0,31119.196848717515
1,2,77,5389.0,6089.7413766322625
1,2,78,6189.0,6301.6755522657795
1,2,84,14869.0,13085.62196157026
1,2,95,7299.0,6955.783538699045
1,2,116,16630.0,13631.336784440753
1,2,118,18150.0,16400.305915073448
1,2,127,32528.0,34060.08907682646
1,2,128,34028.0,34060.08907682646
1,2,130,31400.5,30459.306128985234
1,2,131,9295.0,11112.164940827093
1,2,154,6918.0,6964.61529661144
1,2,158,7198.0,7462.588143675987
1,2,165,8238.0,7158.278543936886
1,2,171,11199.0,11574.516007748058
1,2,179,16558.0,17135.05237961673
1,2,191,9980.0,9681.275422209279
1,2,193,13845.0,11051.182856503307
1,2,194,12290.0,10554.945880932122
1,2,204,22470.0,19260.212494857326
1,2,205,22625.0,19574.601735500506
1,3,6,15250.0,14681.199881647568
1,3,10,17859.167,22373.062909642773
1,3,19,5151.0,3893.3177002557745
1,3,31,6479.0,4983.961359744356
1,3,34,6529.0,6795.550698609273
1,3,37,7295.0,7655.722880895788
1,3,42,12945.0,11322.180944687509
1,3,43,10345.0,9160.704091442716
1,3,44,6785.0,13360.143248012011
1,3,55,7395.0,7330.400705223806
1,3,61,8495.0,10925.34518348239
1,3,63,10245.0,10925.34518348239
1,3,80,7689.0,7850.414207237866
1,3,83,12629.0,13179.57464541313
1,3,96,7799.0,6658.735140611101
1,3,98,7999.0,6774.938981586752
1,3,102,13499.0,16620.02790794478
1,3,103,14399.0,16279.672519584261
1,3,113,16900.0,15124.708743972005
1,3,117,17950.0,15124.708743972005
1,3,120,7957.0,8258.58573295903
1,3,123,7609.0,7122.581962870765
1,3,126,22018.0,21365.027132044095
1,3,140,7053.0,6392.221174319471
1,3,167,9538.0,8911.079372232869
1,3,174,8948.0,9858.574300196886
1,3,181,15690.0,17252.166112551495
1,3,183,7775.0,8485.847949444755
1,3,185,7995.0,8519.768200069542
1,3,192,13295.0,13599.195747736463
1,3,198,16515.0,15096.13244123887
1,3,200,18950.0,18737.218324654314
1,3,203,21485.0,20044.154688174855
1,4,4,13950.0,12778.477275021247
1,4,7,17710.0,17850.837968342174
1,4,13,20970.0,22575.555499255413
1,4,15,24565.0,24530.26477261224
1,4,41,10295.0,9271.263098997739
1,4,45,8916.5,4578.838362246401
1,4,46,8916.5,5026.153721854159
1,4,47,11048.0,7630.040719446557
1,4,51,5195.0,7178.281638524597
1,4,54,6695.0,7527.9884613938075
1,4,56,10945.0,13697.48190043489
1,4,57,11845.0,13697.48190043489
1,4,74,40960.0,45152.01204083544
1,4,81,9959.0,10807.882846552753
1,4,89,9279.0,9629.367416626768
1,4,93,6849.0,7019.4867777261215
1,4,94,7349.0,7278.480188949424
1,4,101,9549.0,9322.925337146191
1,4,111,13860.0,18147.02825053288
1,4,112,15580.0,14449.314717985359
1,4,119,5572.0,6106.632166311032
1,4,122,6692.0,6936.860712010454
1,4,124,8921.0,8698.460593340451
1,4,129,37028.0,32558.718106697143
1,4,134,12170.0,13346.677767861202
1,4,144,9960.0,9510.6673431198
1,4,151,5348.0,6008.818676691325
1,4,160,7788.0,8031.032586233245
1,4,180,15998.0,17468.425821482317
1,4,195,12940.0,15825.372138767583
1,4,196,13415.0,17154.18130932138
1,4,201,16845.0,18675.389319684386
1,4,202,19045.0,21536.4148133885
2,0,15,24565.0,22848.066625791813
2,0,16,30760.0,30815.614416996625
2,0,25,6229.0,6552.587407030608
2,0,31,6479.0,5305.382577960537
2,0,35,7129.0,6892.616509549197
2,0,43,10345.0,9280.722604134015
2,0,45,8916.5,6128.917879663065
2,0,52,6095.0,6630.283799888233
2,0,55,7395.0,7101.711329123073
2,0,56,10945.0,13699.201574803532
2,0,57,11845.0,13699.201574803532
2,0,68,25552.0,28782.378909901294
2,0,74,40960.0,49871.91126055969
2,0,76,16503.0,16415.723763315324
2,0,82,8499.0,9410.969832297282
2,0,97,7499.0,6959.62218459267
2,0,103,14399.0,17376.31223329656
2,0,104,13499.0,16761.307007595307
2,0,105,17199.0,19094.35531163344
2,0,106,19699.0,22067.068779230423
2,0,111,13860.0,18401.607510881528
2,0,118,18150.0,17189.598082090066
2,0,119,5572.0,6088.915350941833
2,0,121,6229.0,6515.668743386601
2,0,122,6692.0,6922.111455709253
2,0,123,7609.0,7214.415556681397
2,0,136,15510.0,12488.572759302248
2,0,164,8058.0,7696.839287702498
2,0,170,9989.0,11251.91390433432
2,0,183,7775.0,8694.90651277925
2,0,198,16515.0,15444.078305175299
2,0,201,16845.0,17211.50324085863
2,0,204,22470.0,19895.56735062462
2,1,1,13495.0,12850.994000087516
2,1,2,16500.0,12850.994000087516
2,1,5,17450.0,14935.197062132132
2,1,7,17710.0,19570.44769091991
2,1,26,6692.0,6560.016363659324
2,1,27,7609.0,6560.016363659324
2,1,30,12964.0,13343.610070264942
2,1,41,10295.0,8797.72865437048
2,1,46,8916.5,7264.579126907826
2,1,67,18344.0,11088.33755537713
2,1,69,28248.0,27555.326943827156
2,1,75,45400.0,35557.26524319764
2,1,78,6189.0,6090.947011058099
2,1,88,9279.0,9780.169080841397
2,1,93,6849.0,6950.522343446166
2,1,94,7349.0,7036.7024724356925
2,1,99,8249.0,6702.416652621179
2,1,116,16630.0,14018.786154136988
2,1,126,22018.0,20682.32071468106
2,1,134,12170.0,13112.36542355415
2,1,137,18150.0,17039.599304312283
2,1,142,7126.0,8752.264450558512
2,1,144,9960.0,10247.389590369034
2,1,151,5348.0,6235.756139239718
2,1,161,7738.0,7309.226429895319
2,1,162,8358.0,7414.19828567211
2,1,163,9258.0,7751.263620049087
2,1,176,9988.0,9991.201896114153
2,1,179,16558.0,18319.506098212416
2,1,180,15998.0,18513.932208318685
2,1,187,8495.0,9698.324025175663
2,1,191,9980.0,10226.799459256457
2,1,203,21485.0,19551.502857876472
2,2,19,5151.0,4504.873353250367
2,2,29,8921.0,8503.18857836257
2,2,32,6855.0,7010.472259733766
2,2,34,6529.0,7254.274239288231
2,2,36,7295.0,8920.858873527524
2,2,44,6785.0,13560.845619153408
2,2,47,11048.0,14199.564167288087
2,2,51,5195.0,7358.3643200762235
2,2,54,6695.0,7936.787782406279
2,2,59,15645.0,14142.563823051483
2,2,61,8495.0,11452.060721575239
2,2,63,10245.0,11452.060721575239
2,2,64,10795.0,11329.225340178513
2,2,70,28176.0,29446.372975905626
2,2,80,7689.0,7740.290682807758
2,2,90,5499.0,7180.2374761042365
2,2,91,7099.0,7100.392857893395
2,2,95,7299.0,7242.37244044948
2,2,100,8949.0,9518.839370840555
2,2,101,9549.0,10020.473406592637
2,2,109,13200.0,16427.821958991175
2,2,124,8921.0,8283.590044614255
2,2,130,31400.5,32149.21949259913
2,2,131,9295.0,12134.60487477113
2,2,135,15040.0,13664.93230719743
2,2,148,10198.0,9146.424596100635
2,2,177,10898.0,9958.040763501307
2,2,181,15690.0,16817.692098064726
2,2,185,7995.0,8590.363203492614
2,2,190,11595.0,9904.426222403945
2,2,195,12940.0,15635.123689136108
2,2,196,13415.0,16445.068937590844
2,2,202,19045.0,21711.220490481584
2,3,3,16500.0,12572.510264047865
2,3,4,13950.0,12783.019990018289
2,3,10,17859.167,21221.12436970461
2,3,13,20970.0,22507.47787377065
2,3,22,5572.0,6315.780658691228
2,3,23,6377.0,6475.725762957621
2,3,28,8558.0,9273.537320849715
2,3,37,7295.0,7966.644120785984
2,3,50,36000.0,39038.26902361093
2,3,65,11245.0,9451.064824904915
2,3,73,35056.0,33858.617422220625
2,3,77,5389.0,5798.450846882625
2,3,79,6669.0,6015.728437783392
2,3,81,9959.0,11434.1644309622
2,3,83,12629.0,13557.214181634958
2,3,85,14489.0,13734.454067472412
2,3,89,9279.0,10116.545022727236
2,3,96,7799.0,6539.895095209826
2,3,98,7999.0,7029.096040141195
2,3,113,16900.0,14849.384380610098
2,3,117,17950.0,14849.384380610098
2,3,120,7957.0,8558.625254939358
2,3,127,32528.0,38370.0631086749
2,3,128,34028.0,38370.0631086749
2,3,133,11850.0,15189.287212132635
2,3,140,7053.0,6103.741459112483
2,3,146,11259.0,11101.437595616904
2,3,169,9639.0,12842.149220501093
2,3,178,11248.0,9540.0686193599
2,3,189,9995.0,9331.143013780793
2,3,193,13845.0,11067.06508906331
2,3,205,22625.0,19395.98723873521
2,4,6,15250.0,13936.60026066607
2,4,14,21105.0,22725.750971154688
2,4,17,41315.0,29629.11318340597
2,4,18,36880.0,35315.34412217679
2,4,24,7957.0,8367.588485053046
2,4,33,5399.0,6680.325847801294
2,4,42,12945.0,11262.189986291438
2,4,58,13645.0,11564.79323204322
2,4,60,8845.0,8660.54328789999
2,4,62,10595.0,8660.54328789999
2,4,84,14869.0,12900.963757506468
2,4,86,6989.0,8543.398150058136
2,4,102,13499.0,16100.156650703528
2,4,108,11900.0,14626.512444241824
2,4,112,15580.0,14846.648104847838
2,4,129,37028.0,30620.610031716045
2,4,145,9233.0,9308.23987696413
2,4,154,6918.0,6923.165030393253
2,4,158,7198.0,7473.437776094822
2,4,159,7898.0,9153.93165462612
2,4,160,7788.0,8393.788654779444
2,4,165,8238.0,7293.44614113131
2,4,166,9298.0,9006.262292811809
2,4,167,9538.0,8518.407779735247
2,4,171,11199.0,12306.199633548424
2,4,172,11549.0,10696.466383689958
2,4,174,8948.0,10700.376439190724
2,4,182,15750.0,15654.32948334221
2,4,186,8195.0,9469.144512063576
2,4,192,13295.0,12700.840971277441
2,4,194,12290.0,11145.450584631893
2,4,199,18420.0,15523.013730953277
2,4,200,18950.0,18220.464205352815
3,0,4,13950.0,12847.6762417974
3,0,17,41315.0,31127.074834495386
3,0,50,36000.0,35638.235944057364
3,0,58,13645.0,11477.952974534983
3,0,59,15645.0,13768.213877534383
3,0,65,11245.0,9461.24803036285
3,0,70,28176.0,25674.530164625518
3,0,74,40960.0,40422.53590633072
3,0,75,45400.0,32493.747025146615
3,0,81,9959.0,11630.95887028276
3,0,83,12629.0,13589.049060899686
3,0,88,9279.0,10339.23381630811
3,0,89,9279.0,10614.191444767088
3,0,104,13499.0,15558.943724514414
3,0,105,17199.0,18186.627144418606
3,0,108,11900.0,14615.602880905262
3,0,113,16900.0,15459.506679498074
3,0,117,17950.0,15459.506679498074
3,0,123,7609.0,7180.413918357398
3,0,131,9295.0,11818.873667684138
3,0,148,10198.0,9776.479262096122
3,0,151,5348.0,5899.199391514437
3,0,160,7788.0,7855.888909731582
3,0,161,7738.0,7449.129177922826
3,0,162,8358.0,7351.530442659124
3,0,172,11549.0,11314.663279126644
3,0,174,8948.0,10510.413752013957
3,0,183,7775.0,8908.623287719001
3,0,186,8195.0,9690.597711615092
3,0,189,9995.0,10049.259378397664
3,0,190,11595.0,10300.028240320691
3,0,191,9980.0,10162.93707260936
3,0,201,16845.0,18227.00794222577
3,1,5,17450.0,14809.404391222746
3,1,13,20970.0,22220.985205822286
3,1,22,5572.0,6330.384230558104
3,1,24,7957.0,8510.393476558329
3,1,30,12964.0,13330.036657956802
3,1,36,7295.0,8683.830864550982
3,1,43,10345.0,9543.500248111275
3,1,60,8845.0,8824.87100235318
3,1,62,10595.0,8824.87100235318
3,1,64,10795.0,11057.830367970559
3,1,84,14869.0,12621.745296493278
3,1,85,14489.0,12629.226091794446
3,1,94,7349.0,7228.793370967825
3,1,96,7799.0,6634.918874583126
3,1,106,19699.0,20630.08079693393
3,1,109,13200.0,16913.60719757265
3,1,111,13860.0,18584.709351561432
3,1,116,16630.0,14536.776334247535
3,1,122,6692.0,7040.733159166124
3,1,130,31400.5,32106.93253197263
3,1,133,11850.0,14203.710056113352
3,1,135,15040.0,14248.57576790194
3,1,136,15510.0,12870.941386329263
3,1,140,7053.0,6100.065870403254
3,1,166,9298.0,9833.989370308198
3,1,176,9988.0,9540.060039593096
3,1,177,10898.0,9963.374383743861
3,1,182,15750.0,16420.37809589848
3,1,192,13295.0,12089.370647824006
3,1,195,12940.0,15849.683111299046
3,1,196,13415.0,16805.88145171287
3,1,202,19045.0,21629.011817891253
3,2,1,13495.0,13033.883914981941
3,2,2,16500.0,13033.883914981941
3,2,3,16500.0,12677.701745310109
3,2,10,17859.167,19250.914154314112
3,2,25,6229.0,6468.387593300194
3,2,31,6479.0,5342.97458869265
3,2,33,5399.0,6237.54501521112
3,2,41,10295.0,8768.207656337789
3,2,42,12945.0,10703.170128093978
3,2,46,8916.5,7364.124404843482
3,2,56,10945.0,13709.421913392083
3,2,57,11845.0,13709.421913392083
3,2,67,18344.0,10906.476473739876
3,2,68,25552.0,30402.557781010484
3,2,76,16503.0,16751.7882635324
3,2,77,5389.0,5945.1200689151565
3,2,78,6189.0,6219.98044843352
3,2,79,6669.0,6277.310016295367
3,2,97,7499.0,7015.439022808605
3,2,98,7999.0,6957.911619464263
3,2,99,8249.0,7184.431996946247
3,2,102,13499.0,15806.888744959306
3,2,121,6229.0,6362.0050227299635
3,2,129,37028.0,33614.428490273596
3,2,134,12170.0,13548.515740202782
3,2,137,18150.0,16254.321449290444
3,2,142,7126.0,8736.863113245954
3,2,145,9233.0,9827.467312053126
3,2,170,9989.0,10967.832298285563
3,2,178,11248.0,9802.305123047396
3,2,181,15690.0,16520.32310254945
3,2,199,18420.0,15456.14146829224
3,2,200,18950.0,18081.00533930509
3,3,14,21105.0,23717.203169609365
3,3,15,24565.0,25443.399645090147
3,3,16,30760.0,32622.125035444034
3,3,18,36880.0,40122.792780164724
3,3,19,5151.0,4646.204208100291
3,3,23,6377.0,6223.053376696456
3,3,32,6855.0,6953.947767087967
3,3,35,7129.0,7141.255447523265
3,3,51,5195.0,7247.613641458584
3,3,52,6095.0,7180.93380207898
3,3,54,6695.0,7939.469410236083
3,3,69,28248.0,25791.485578313943
3,3,80,7689.0,7608.77648939374
3,3,91,7099.0,7006.838903911175
3,3,95,7299.0,6863.913569712615
3,3,100,8949.0,8681.622546589262
3,3,112,15580.0,13767.441156542845
3,3,119,5572.0,6139.74288468943
3,3,126,22018.0,20922.805947665274
3,3,127,32528.0,40682.997109972326
3,3,128,34028.0,40682.997109972326
3,3,144,9960.0,9799.563389806523
3,3,146,11259.0,11430.16106485796
3,3,154,6918.0,6929.022497376408
3,3,165,8238.0,7495.220123939567
3,3,167,9538.0,9124.532388283282
3,3,169,9639.0,13909.90677841653
3,3,171,11199.0,14239.677750882176
3,3,187,8495.0,9671.54129023161
3,3,194,12290.0,11396.988216274274
3,3,198,16515.0,15125.382129369797
3,3,203,21485.0,18896.325909697796
3,3,204,22470.0,18862.50895413086
3,4,6,15250.0,14242.040217133926
3,4,7,17710.0,18354.989143783296
3,4,26,6692.0,6731.119011420879
3,4,27,7609.0,6731.119011420879
3,4,28,8558.0,8485.993769206352
3,4,29,8921.0,8633.92304666557
3,4,34,6529.0,7268.054216713068
3,4,37,7295.0,7916.249566693639
3,4,44,6785.0,12903.438958082052
3,4,45,8916.5,8048.590136770781
3,4,47,11048.0,13572.355092479755
3,4,55,7395.0,7442.958668789916
3,4,61,8495.0,10597.926118755977
3,4,63,10245.0,10597.926118755977
3,4,73,35056.0,33957.14865865791
3,4,82,8499.0,9898.107926630775
3,4,86,6989.0,9051.786936863315
3,4,90,5499.0,7123.223361098292
3,4,93,6849.0,7287.4630198294735
3,4,101,9549.0,9794.131910221216
3,4,103,14399.0,15769.846295566671
3,4,118,18150.0,15845.165267874578
3,4,120,7957.0,7500.349674907783
3,4,124,8921.0,8604.057158321184
3,4,158,7198.0,7364.456199512
3,4,159,7898.0,8912.83970200806
3,4,163,9258.0,7929.185505655972
3,4,164,8058.0,8225.194487772102
3,4,179,16558.0,17996.403004967662
3,4,180,15998.0,18247.371345190368
3,4,185,7995.0,8546.492686022526
3,4,193,13845.0,11667.92909788254
3,4,205,22625.0,18807.472830531366
