car_ID,predictor_group,split,cv_repeat_1_fold,cv_repeat_2_fold,cv_repeat_3_fold
1,2fa293d635dc6eda,train,0,1,2
2,2fa293d635dc6eda,train,0,1,2
3,ab19686f4010405b,train,2,3,2
4,ef3b8054d78bdc99,train,4,3,0
5,481331eb1abd6fe0,train,1,1,1
6,74a8911273aa05d0,train,3,4,4
7,25cd4d68b0cd53bb,train,4,1,4
8,25c502fff468deb0,test,-1,-1,-1
9,4e72646ed60b53e4,test,-1,-1,-1
10,536ca13487f1684a,train,3,3,2
11,2e641da1294b5a7d,test,-1,-1,-1
12,7d27ba19ae9e5253,test,-1,-1,-1
13,a7835ce946ccecd4,train,4,3,1
14,3a4ea518438bc593,train,1,4,3
15,1d574275be4a56cc,train,4,0,3
16,375562d7838aabcf,train,1,0,3
17,2fedf29cfba436ca,train,2,4,0
18,04479bee70cd300c,train,2,4,3
19,2b8f7070258d7725,train,3,2,3
20,125103383934504e,test,-1,-1,-1
21,ff097efbe9d2efc6,test,-1,-1,-1
22,3d92b7d3d89a44a5,train,1,3,1
23,a291a0adf4b5c7ba,train,2,3,3
24,2a4f4510b846d05b,train,2,4,1
25,72fce91625122962,train,0,0,2
26,9983124fa49c68bf,train,2,1,4
27,9983124fa49c68bf,train,2,1,4
28,0d84b4b48c337e0c,train,2,3,4
29,1a3b0e32b791a8b0,train,1,2,4
30,245048ba680b9384,train,1,1,1
31,ac1130b8d600ca89,train,3,0,2
32,9b09795fa9f58b7e,train,1,2,3
33,25bc6e4f4421b6f0,train,0,4,2
34,60b5e7d2946c3b27,train,3,2,4
35,cb13dc4a6475b35f,train,1,0,3
36,a3a6eb741eb3421d,train,2,2,1
37,f34227ccd3455995,train,3,3,4
38,90549cbe2c84a32b,test,-1,-1,-1
39,c0a25f1eff538d5c,test,-1,-1,-1
40,b542a4261ffd691a,test,-1,-1,-1
41,8e189aa8e5f332d8,train,4,1,2
42,10fc687201ad9cf4,train,3,4,2
43,2ffe7cfe2452992c,train,3,0,1
44,c9e52ec4b342cf98,train,3,2,4
45,9a7a8dfd90ae604c,train,4,0,4
46,da45528df4a8f241,train,4,1,2
47,79cbda98693db06c,train,4,2,4
48,1820221ffab8309f,test,-1,-1,-1
49,1820221ffab8309f,test,-1,-1,-1
50,110db6e03db5170f,train,0,3,0
51,699c8773af205b09,train,4,2,3
52,1ad2fbd5a4a6aedd,train,1,0,3
53,73783efb7ee94766,test,-1,-1,-1
54,876694e756e5234c,train,4,2,3
55,7a844dc6ac078083,train,3,0,4
56,8f292f6404eb0aeb,train,4,0,2
57,8f292f6404eb0aeb,train,4,0,2
58,02ecd80bb0212746,train,0,4,0
59,08634f4761d30440,train,0,2,0
60,1435187155b9acda,train,1,4,1
61,c2152931899375de,train,3,2,4
62,1435187155b9acda,train,1,4,1
63,c2152931899375de,train,3,2,4
64,a5b232e87e4e4b5e,train,0,2,1
65,0bc7f385074b780d,train,1,3,0
66,19754a877d038858,test,-1,-1,-1
67,daffdc9c6620315d,train,0,1,2
68,0f2e7db4fd20d47c,train,2,0,2
69,00fb4ec8ba36c785,train,1,1,3
70,b8cdbb7d97d7c3a9,train,0,2,0
71,b8d5dee28cf40a77,test,-1,-1,-1
72,77e8f7fcd5ff60ea,test,-1,-1,-1
73,03c6a480793206e9,train,2,3,4
74,c1986216c47abd1c,train,4,0,0
75,0bedd831b87edbef,train,2,1,0
76,90125ae9257627b1,train,1,0,2
77,a5a658bbd13f4384,train,2,3,2
78,653be5d7b77a8a39,train,2,1,2
79,ff77f654f739c15d,train,1,3,2
80,449cd193d3803ca7,train,3,2,3
81,ee1f1a5c9fd3477e,train,4,3,0
82,8f0050bbb819f882,train,1,0,4
83,353b3e20c20fb182,train,3,3,0
84,0b80a5fdceed9dfd,train,2,4,1
85,543ee4cb09c01d9f,train,0,3,1
86,422220fd6de26afc,train,1,4,4
87,095658472c0b5953,test,-1,-1,-1
88,c36910bcb65ba8f1,train,1,1,0
89,48e827e9b08866a8,train,4,3,0
90,cea492aab978a5fa,train,1,2,4
91,85156bbd25bd48c2,train,0,2,3
92,5382b6568f4cf0cb,test,-1,-1,-1
93,046c8b9720142e55,train,4,1,4
94,5d1c531935b7acf5,train,4,1,1
95,da8d2d59b33edbbd,train,2,2,3
96,be2417cdd28f0673,train,3,3,1
97,69bd02ecfa1cac0f,train,1,0,2
98,53c41901ad0359fb,train,3,3,2
99,7e0ae29ec777dce8,train,1,1,2
100,bb830627670cb140,train,1,2,3
101,da3058a7db3523d3,train,4,2,4
102,4c6c1560f4c78b83,train,3,4,2
103,53d15bfe92d9a766,train,3,0,4
104,a571c25629f86cda,train,1,0,0
105,5852c43a6b0ba2e5,train,1,0,0
106,2dd7a2db159a2d12,train,0,0,1
107,755d916656b1500d,test,-1,-1,-1
108,a23ad979a475484e,train,0,4,0
109,e455fe579cbed610,train,0,2,1
110,c85b43ada22e7ddf,test,-1,-1,-1
111,8a56086341c85179,train,4,0,1
112,48c388a7399e6770,train,4,4,3
113,bd89ef8bc737569b,train,3,3,0
114,c15d388f1e074cf4,test,-1,-1,-1
115,318166babbc0599f,test,-1,-1,-1
116,522c93a72bede0c6,train,2,1,1
117,bd89ef8bc737569b,train,3,3,0
118,22e0e252f9a1626c,train,2,0,4
119,0f3a3a1663e5a600,train,4,0,3
120,63d69ce993c46ed4,train,3,3,4
121,94b182dbb1dca8ef,train,1,0,2
122,2067f59bdf703689,train,4,0,1
123,3c1264c139a29038,train,3,0,0
124,15b04a6add459c84,train,4,2,4
125,31bbd141d17f0906,test,-1,-1,-1
126,539ef2973f560d78,train,3,1,3
127,2d3a5f69e7ed25ce,train,2,3,3
128,2d3a5f69e7ed25ce,train,2,3,3
129,5960f4e3f17b40da,train,4,4,2
130,621e275475607386,train,2,2,1
131,4e955734f2225426,train,2,2,0
132,25beb90c812bb7b5,test,-1,-1,-1
133,f9923f1ad0daba8d,train,1,3,1
134,f16351a2c376d0bd,train,4,1,2
135,1ee79a3ab18737f8,train,1,2,1
136,ca271a29b7ad4e9f,train,0,0,1
137,c171e63e78681505,train,0,1,2
138,9e42fed0b930aa14,test,-1,-1,-1
139,f5cddcded2242ea7,test,-1,-1,-1
140,fb96ab0d9b12afb9,train,3,3,1
141,7caa7836b8f91004,test,-1,-1,-1
142,2cd1d650075f44d8,train,0,1,2
143,54b2cefcea6f394a,test,-1,-1,-1
144,370c1e39bd90df2d,train,4,1,3
145,c245c9a0074141fd,train,1,4,2
146,93343ac4fbc1bc0a,train,0,3,3
147,7e5468e0ce83ddf1,test,-1,-1,-1
148,19ef8be9c52eeb95,train,0,2,0
149,9863758c3fc40b86,test,-1,-1,-1
150,4b9d36fe0ffa3fd2,test,-1,-1,-1
151,cef63cf373c7bc46,train,4,1,0
152,900f18e2c2f6e9f8,test,-1,-1,-1
153,54927922cba3d7bc,test,-1,-1,-1
154,6c304ace5ca41fa5,train,2,4,3
155,7ffc7e13d62b3ee1,test,-1,-1,-1
156,f7f7a018e7254fb8,test,-1,-1,-1
157,3a3130364896acc4,test,-1,-1,-1
158,fde001eb7d229802,train,2,4,4
159,d9ac8f11dac74e73,train,0,4,4
160,3b0dd42b10608cc1,train,4,4,0
161,f0bd1de5828f349b,train,0,1,0
162,0f2819223713ae16,train,0,1,0
163,e2514ee218eca84e,train,1,1,4
164,fc650ee2be832ab9,train,0,0,4
165,937c35e37875b6c2,train,2,4,3
166,2516063e611bb46c,train,0,4,1
167,32d6ad0fc4511732,train,3,4,3
168,1801b1c591daceca,test,-1,-1,-1
169,29d7ef3851ddf865,train,1,3,3
170,66d66bd87380ab4a,train,0,0,2
171,a2e2b525a429cc1c,train,2,4,3
172,aa3fe59f3268538f,train,1,4,0
173,8c188b7c63d18d88,test,-1,-1,-1
174,799a6afcfcb2f736,train,3,4,0
175,b2922547b0663cd0,test,-1,-1,-1
176,abd8ecce37b8ee6a,train,0,1,1
177,fd684b35ac5d91c9,train,0,2,1
178,e306261ed4f86db5,train,0,3,2
179,3d335ae2cffd13fa,train,2,1,4
180,b1e51f2d713602e4,train,4,1,4
181,89f67844fa36e9e3,train,3,2,2
182,8418a84b11897dc6,train,0,4,1
183,f94b300d66a9bc87,train,3,0,0
184,c8f73d6008bf94fa,test,-1,-1,-1
185,7b3b94a15d87c4b6,train,3,2,4
186,d6b294b4b75440b9,train,0,4,0
187,da4735a29a7941a3,train,1,1,3
188,de7b3c47f2aaef5e,test,-1,-1,-1
189,009153f1be8c4643,train,1,3,0
190,861024e14d449bbe,train,0,2,0
191,dc33fee85460d4d6,train,2,1,0
192,3ec6a8b37302a634,train,3,4,1
193,92d66f64499a1a68,train,2,3,4
194,0585cdadc53f44a2,train,2,4,3
195,769ee2a7360c2432,train,4,2,1
196,ea28195d877f9c84,train,4,2,1
197,07b317891ef9cd67,test,-1,-1,-1
198,b2a63cd0d22a028d,train,3,0,3
199,7dfd243d609a22ff,train,0,4,2
200,931a55bcc545310f,train,3,4,2
201,119d526691263128,train,4,0,0
202,169d5e6670ba661e,train,4,2,1
203,e3724caa16c6b66e,train,3,1,3
204,50fd248695d30e27,train,2,0,3
205,91aa530d01d31274,train,2,3,4
